,id,name,bic,transaction_total_days,countries,logo
0,ALTO_ADIGE_BANCA_SUDTIROL_BANK_ALOAIT21,Alto Adige Banca – Sudtirol Bank,ALOAIT21,90,['IT'],https://cdn.nordigen.com/ais/ALTO_ADIGE_BANCA_SUDTIROL_BANK_ALOAIT21.png
1,BANCA_CILENTO_VALLO_DI_DIANO_E_LUCANIA_ICRAITRR4A0,"Banca 2021 - Cilento, Vallo Di Diano E Lucania",ICRAITRR4A0,365,['IT'],https://cdn.nordigen.com/ais/BANCA_CILENTO_VALLO_DI_DIANO_E_LUCANIA_ICRAITRR4A0.png
2,BANCA_ADRIA_COLLI_EUGANEI_CCRTIT2T97A,Banca Adria Colli Euganei,CCRTIT2T97A,90,['IT'],https://cdn.nordigen.com/ais/BANCA_ADRIA_COLLI_EUGANEI_CCRTIT2T97A.png
3,AGRICOLA_RAGUSA_POPRIT31,Banca Agricola Popolare di Ragusa,POPRIT31,730,['IT'],https://cdn.nordigen.com/ais/AGRICOLA_RAGUSA_POPRIT31.png
4,BANCA_AKROS_AKROITMM,Banca Akros,AKROITMM,90,['IT'],https://cdn.nordigen.com/ais/BANCA_AKROS_AKROITMM.png
5,BANCA_ALETTI_ALETITMM,Banca Aletti,ALETITMM,90,['IT'],https://cdn.nordigen.com/ais/_BANCA_ALETTI_ALETITMM.png
6,BANCA_ALPI_MARITTIME_CARRU_ICRAITRRCI0,Banca Alpi Marittime Carrù,ICRAITRRCI0,365,['IT'],https://cdn.nordigen.com/ais/BANCA_ALPI_MARITTIME_CARRU_ICRAITRRCI0.png
7,BANCA_ALTA_TOSCANA_ICRAITRRPM0,Banca Alta Toscana,ICRAITRRPM0,365,['IT'],https://cdn.nordigen.com/ais/BANCA_ALTA_TOSCANA_ICRAITRRPM0.png
8,BANCA_ALTO_VICENTINO_CREDITO_COOPERATIVO_DI_SCHIO_PEDEMONTE_E_ROANA_CCRTIT2TF01,"Banca Alto Vicentino Credito Cooperativo Di Schio, Pedemonte E Roana",CCRTIT2TF01,90,['IT'],https://cdn.nordigen.com/ais/BANCA_ALTO_VICENTINO_CREDITO_COOPERATIVO_DI_SCHIO_PEDEMONTE_E_ROANA_CCRTIT2TF01.png
9,BANCA_ANNIA_CRED_COOP_CARTURA_E_POLESINE_ICRAITRRCK0,Banca Annia Cred. Coop. Cartura E Polesine,ICRAITRRCK0,90,['IT'],https://cdn.nordigen.com/ais/BANCA_ANNIA_CRED_COOP_CARTURA_E_POLESINE_ICRAITRRCK0.png
10,BANCA_CARIGE_CRGEITGG,Banca Carige,CRGEITGG,90,['IT'],https://cdn.nordigen.com/ais/BANCA_CARIGE_CRGEITGG.png
11,BANCA_CENTRO_EMILIA_CCRTIT2TBCE,Banca Centro Emilia,CCRTIT2TBCE,90,['IT'],https://cdn.nordigen.com/ais/BANCA_CENTRO_EMILIA_CCRTIT2TBCE.png
12,BANCA_CENTRO_LAZIO_CCRTIT2TBCL,Banca Centro Lazio,CCRTIT2TBCL,90,['IT'],https://cdn.nordigen.com/ais/BANCA_CENTRO_LAZIO_CCRTIT2TBCL.png
13,BANCA_CENTRO_CREDITO_COOPERATIVO_TOSCANA_UMBRIA_SOC_COOP_ICRAITRRTV0,Banca Centro – Credito Cooperativo Toscana – Umbria Soc. Coop,ICRAITRRTV0,365,['IT'],https://cdn.nordigen.com/ais/BANCA_CENTRO_CREDITO_COOPERATIVO_TOSCANA_UMBRIA_SOC_COOP_ICRAITRRTV0.png
14,BANCA_CENTROPADANA_ICRAITRR900,Banca Centropadana,ICRAITRR900,365,['IT'],https://cdn.nordigen.com/ais/BANCA_CENTROPADANA_ICRAITRR900.png
15,BANCA_CESARE_BCEPITMM,Banca Cesare Ponti,BCEPITMM,90,['IT'],https://cdn.nordigen.com/ais/BANCA_CESARE_BCEPITMM.png
16,BANCA_CREMASCA_E_MANTOVANA_ICRAITRRTW0,Banca Cremasca E Mantovana,ICRAITRRTW0,365,['IT'],https://cdn.nordigen.com/ais/BANCA_CREMASCA_E_MANTOVANA_ICRAITRRTW0.png
17,BANCA_DEI_SIBILLINI_CREDITO_COOPERATIVO_DI_CASAVECCHIA_ICRAITRRCO0,"Banca Dei Sibillini, Credito Cooperativo Di Casavecchia",ICRAITRRCO0,365,['IT'],https://cdn.nordigen.com/ais/BANCA_DEI_SIBILLINI_CREDITO_COOPERATIVO_DI_CASAVECCHIA_ICRAITRRCO0.png
18,BANCA_DEL_CATANZARESE_ICRAITRRUB0,Banca Del Catanzarese,ICRAITRRUB0,365,['IT'],https://cdn.nordigen.com/ais/BANCA_DEL_CATANZARESE_ICRAITRRUB0.png
19,BDF_BAFUITRR,Banca del Fucino,BAFUITRR,90,['IT'],https://cdn.nordigen.com/ais/BDF_BAFUITRR.png
20,BDMMC_MCENITRR,Banca del Mezzogiorno – MedioCredito Centrale,MCENITRR,90,['IT'],https://cdn.nordigen.com/ais/BDMMC_MCENITRR.png
21,BANCA_LUCCA_BMLUIT3L,Banca del Monte di Lucca,BMLUIT3L,90,['IT'],https://cdn.nordigen.com/ais/BANCA_LUCCA_BMLUIT3L.png
22,BDP_BDCPITTT,Banca del Piemonte,BDCPITTT,90,['IT'],https://cdn.nordigen.com/ais/BDP_BDCPITTT.png
23,BDS_SUDNITN1,Banca del Sud,SUDNITN1,90,['IT'],https://cdn.nordigen.com/ais/BDS_SUDNITN1.png
24,BANCA_DEL_TERRITORIO_LOMBARDO_CCRTIT2TBTL,Banca Del Territorio Lombardo,CCRTIT2TBTL,90,['IT'],https://cdn.nordigen.com/ais/BANCA_DEL_TERRITORIO_LOMBARDO_CCRTIT2TBTL.png
25,BANCA_DELLA_MARCA_ICRAITRRU40,Banca Della Marca,ICRAITRRU40,365,['IT'],https://cdn.nordigen.com/ais/BANCA_DELLA_MARCA_ICRAITRRU40.png
26,BANCA_DELLA_VALSASSINA_ICRAITRREB0,Banca Della Valsassina,ICRAITRREB0,365,['IT'],https://cdn.nordigen.com/ais/BANCA_DELLA_VALSASSINA_ICRAITRREB0.png
27,BANCA_DELLE_TERRE_VENETE_ICRAITRRB30,Banca Delle Terre Venete,ICRAITRRB30,365,['IT'],https://cdn.nordigen.com/ais/BANCA_DELLE_TERRE_VENETE_ICRAITRRB30.png
28,BANCA_DELL_ELBA_ICRAITRRT40,Banca Dell´elba,ICRAITRRT40,365,['IT'],https://cdn.nordigen.com/ais/BANCA_DELL_ELBA_ICRAITRRT40.png
29,BANCA_DI_ANCONA_E_FALCONARA_MARITTIMA_ICRAITRR2E0,Banca Di Ancona E Falconara Marittima,ICRAITRR2E0,365,['IT'],https://cdn.nordigen.com/ais/BANCA_DI_ANCONA_E_FALCONARA_MARITTIMA_ICRAITRR2E0.png
30,BANCA_DI_ANDRIA_ICRAITRRUL0,Banca Di Andria,ICRAITRRUL0,365,['IT'],https://cdn.nordigen.com/ais/BANCA_DI_ANDRIA_ICRAITRRUL0.png
31,BANCA_DI_ANGHIARI_E_STIA_ICRAITRR9L0,Banca Di Anghiari E Stia,ICRAITRR9L0,365,['IT'],https://cdn.nordigen.com/ais/BANCA_DI_ANGHIARI_E_STIA_ICRAITRR9L0.png
32,BANCA_DI_BOLOGNA_BDBOIT21,Banca Di Bologna,BDBOIT21,90,['IT'],https://cdn.nordigen.com/ais/BANCA_DI_BOLOGNA_BDBOIT21.png
33,BANCA_DI_CARAGLIO_DEL_CUNEESE_E_DELLA_RIVIERA_DEI_FIORI_CCRTIT2TCAR,"Banca Di Caraglio, Del Cuneese E Della Riviera Dei Fiori",CCRTIT2TCAR,90,['IT'],https://cdn.nordigen.com/ais/BANCA_DI_CARAGLIO_DEL_CUNEESE_E_DELLA_RIVIERA_DEI_FIORI_CCRTIT2TCAR.png
34,CIVIDALE_CIVIIT2C,Banca di Cividale,CIVIIT2C,730,['IT'],https://cdn.nordigen.com/ais/CIVIDALE_CIVIIT2C.png
35,BCC_BERGAMASCA_E_OROBICA_ICRAITRRQ40,Banca Di Credito Cooperativo Bergamasca E Orobica,ICRAITRRQ40,90,['IT'],https://cdn.nordigen.com/ais/CREDITO_COOPERATIVO_CASSA_RURALE_ED_ARTIGIANA_DEL_FRIULI_VENEZIA_GIULIA_CCRTIT2T96A.png
36,BCC_CASSA_RURALE_DI_VAL_DI_FIEMME_CCRTIT2T50A,Banca Di Credito Cooperativo Cassa Rurale Di Val Di Fiemme,CCRTIT2T50A,90,['IT'],https://cdn.nordigen.com/ais/BCC_CASSA_RURALE_DI_VAL_DI_FIEMME_CCRTIT2T50A.png
37,BCC_DEI_CASTELLI_E_DEGLI_IBLEI_CCRTIT2TIBL,Banca Di Credito Cooperativo Dei Castelli E Degli Iblei,CCRTIT2TIBL,90,['IT'],https://cdn.nordigen.com/ais/BCC_DEI_CASTELLI_E_DEGLI_IBLEI_CCRTIT2TIBL.png
38,BCC_DEI_CASTELLI_ROMANI_CCRTIT2TCRT,Banca Di Credito Cooperativo Dei Castelli Romani,CCRTIT2TCRT,90,['IT'],https://cdn.nordigen.com/ais/CREDITO_COOPERATIVO_CASSA_RURALE_ED_ARTIGIANA_DEL_FRIULI_VENEZIA_GIULIA_CCRTIT2T96A.png
39,BCC_DEL_CIRCEO_E_PRIVERNATE_CCRTIT2TCIR,Banca Di Credito Cooperativo Del Circeo E Privernate,CCRTIT2TCIR,90,['IT'],https://cdn.nordigen.com/ais/BCC_DEL_CIRCEO_E_PRIVERNATE_CCRTIT2TCIR.png
40,BCC_DEL_FRIULI_CENTRALE_ICRAITRRU50,Banca Di Credito Cooperativo Del Friuli Centrale,ICRAITRRU50,90,['IT'],https://cdn.nordigen.com/ais/BCC_SANGRO_TAETINA_DI_ATESSA_CASTIGLIONE_GIULIANO_CCRTIT2TTEA.png
41,BCC_DELLALTA_MURGIA_CCRTIT2TMUR,Banca Di Credito Cooperativo Dell'alta Murgia,CCRTIT2TMUR,90,['IT'],https://cdn.nordigen.com/ais/CREDITO_COOPERATIVO_CASSA_RURALE_ED_ARTIGIANA_DEL_FRIULI_VENEZIA_GIULIA_CCRTIT2T96A.png
42,BCC_DELLALTO_TIRRENO_DELLA_CALABRIA_VERBICARO_CCRTIT2TATC,Banca Di Credito Cooperativo Dell'alto Tirreno Della Calabria Verbicaro,CCRTIT2TATC,90,['IT'],https://cdn.nordigen.com/ais/BCC_SANGRO_TAETINA_DI_ATESSA_CASTIGLIONE_GIULIANO_CCRTIT2TTEA.png
43,BCC_DELLA_ROMAGNA_OCCIDENTALE_CCRTIT2TROC,Banca Di Credito Cooperativo Della Romagna Occidentale,CCRTIT2TROC,90,['IT'],https://cdn.nordigen.com/ais/BCC_DELLA_ROMAGNA_OCCIDENTALE_CCRTIT2TROC.png
44,BCC_DELLE_PREALPI_CCRTIT2TPRE,Banca Di Credito Cooperativo Delle Prealpi,CCRTIT2TPRE,90,['IT'],https://cdn.nordigen.com/ais/BCC_DELLE_PREALPI_CCRTIT2TPRE.png
45,BANCA_DI_CREDITO_COOPERATIVO_DI_ALBA_LANGHE_ROERO_E_DEL_CANAVESE_ICRAITRREQ0,"Banca Di Credito Cooperativo Di Alba, Langhe, Roero E Del Canavese",ICRAITRREQ0,365,['IT'],https://cdn.nordigen.com/ais/BANCA_DI_CREDITO_COOPERATIVO_DI_ALBA_LANGHE_ROERO_E_DEL_CANAVESE_ICRAITRREQ0.png
46,BCC_DI_ALBEROBELLO_E_SAMMICHELE_DI_BARI_CCRTIT2TALB,Banca Di Credito Cooperativo Di Alberobello E Sammichele Di Bari,CCRTIT2TALB,90,['IT'],https://cdn.nordigen.com/ais/BCC_DI_ALBEROBELLO_E_SAMMICHELE_DI_BARI_CCRTIT2TALB.png
47,BCC_DI_ANAGNI_CCRTIT2TN00,Banca Di Credito Cooperativo Di Anagni,CCRTIT2TN00,90,['IT'],https://cdn.nordigen.com/ais/BCC_SANGRO_TAETINA_DI_ATESSA_CASTIGLIONE_GIULIANO_CCRTIT2TTEA.png
48,BCC_DI_AQUARA_CCRTIT2TAQU,Banca Di Credito Cooperativo Di Aquara,CCRTIT2TAQU,90,['IT'],https://cdn.nordigen.com/ais/BCC_DI_AQUARA_CCRTIT2TAQU.png
49,BANCA_DI_CREDITO_COOPERATIVO_DI_AVETRANA_ICRAITRR9U0,Banca Di Credito Cooperativo Di Avetrana,ICRAITRR9U0,365,['IT'],https://cdn.nordigen.com/ais/BANCA_DI_CREDITO_COOPERATIVO_DI_AVETRANA_ICRAITRR9U0.png
50,BCC_DI_BARLASSINA_MILANO_ICRAITRRAE0,Banca Di Credito Cooperativo Di Barlassina,ICRAITRRAE0,90,['IT'],https://cdn.nordigen.com/ais/BCC_DI_BARLASSINA_MILANO_ICRAITRRAE0.png
51,BCC_DI_BRESCIA_CREDITO_COOPERATIVO_DI_BRESCIA_CCRTIT2TH00,Banca Di Credito Cooperativo Di Brescia Di Brescia,CCRTIT2TH00,90,['IT'],https://cdn.nordigen.com/ais/BCC_DI_BRESCIA_CREDITO_COOPERATIVO_DI_BRESCIA_CCRTIT2TH00.png
52,BCC_DI_CASALGRASSO_E_SANTALBANO_STURA_CCRTIT2TCSS,Banca Di Credito Cooperativo Di Casalgrasso E Sant'albano Stura,CCRTIT2TCSS,90,['IT'],https://cdn.nordigen.com/ais/BCC_DI_CASALGRASSO_E_SANTALBANO_STURA_CCRTIT2TCSS.png
53,BCC_DI_CASSANO_DELLE_MURGE_E_TOLVE_CCRTIT2TCSM,Banca Di Credito Cooperativo Di Cassano Delle Murge E Tolve,CCRTIT2TCSM,90,['IT'],https://cdn.nordigen.com/ais/BCC_DI_CASSANO_DELLE_MURGE_E_TOLVE_CCRTIT2TCSM.png
54,BCC_DI_CASTAGNETO_CARDUCCI_PER_AZIONI_BCCDIT3C,Banca Di Credito Cooperativo Di Castagneto Carducci Soc. Coop. Per Azioni,BCCDIT3C,90,['IT'],https://cdn.nordigen.com/ais/BCC_DI_CASTAGNETO_CARDUCCI_PER_AZIONI_BCCDIT3C.png
55,BCC_DI_CHERASCO_CCRTIT2TCHE,Banca Di Credito Cooperativo Di Cherasco,CCRTIT2TCHE,90,['IT'],https://cdn.nordigen.com/ais/BCC_DI_CHERASCO_CCRTIT2TCHE.png
56,BCC_DI_CONVERSANO_CCRTIT2TT00,Banca Di Credito Cooperativo Di Conversano,CCRTIT2TT00,90,['IT'],https://cdn.nordigen.com/ais/BCC_SANGRO_TAETINA_DI_ATESSA_CASTIGLIONE_GIULIANO_CCRTIT2TTEA.png
57,BANCA_DI_CREDITO_COOPERATIVO_DI_FILOTTRANO_CREDITO_COOPERATIVO_DI_FILOTTRANO_E_CAMERANO_ICRAITRRF90,Banca Di Credito Cooperativo Di Filottrano - Credito Cooperativo Di Filottrano E Camerano,ICRAITRRF90,365,['IT'],https://cdn.nordigen.com/ais/BANCA_DI_CREDITO_COOPERATIVO_DI_FILOTTRANO_CREDITO_COOPERATIVO_DI_FILOTTRANO_E_CAMERANO_ICRAITRRF90.png
58,BCC_DI_FLUMERI_ICRAITRRFD0,Banca Di Credito Cooperativo Di Flumeri,ICRAITRRFD0,90,['IT'],https://cdn.nordigen.com/ais/BCC_DI_FLUMERI_ICRAITRRFD0.png
59,BCC_DI_LOCOROTONDO_CASSA_RURALE_ED_ARTIGIANA_CCRTIT2TLND,Banca Di Credito Cooperativo Di Locorotondo Cassa Rurale Ed Artigiana,CCRTIT2TLND,90,['IT'],https://cdn.nordigen.com/ais/BCC_DI_LOCOROTONDO_CASSA_RURALE_ED_ARTIGIANA_CCRTIT2TLND.png
60,BANCA_DI_CREDITO_COOPERATIVO_DI_MARINA_DI_GINOSA_ICRAITRRJ40,Banca Di Credito Cooperativo Di Marina Di Ginosa,ICRAITRRJ40,365,['IT'],https://cdn.nordigen.com/ais/BANCA_DI_CREDITO_COOPERATIVO_DI_MARINA_DI_GINOSA_ICRAITRRJ40.png
61,BANCA_DI_CREDITO_COOPERATIVO_DI_MASSAFRA_ICRAITRRUE0,Banca Di Credito Cooperativo Di Massafra,ICRAITRRUE0,365,['IT'],https://cdn.nordigen.com/ais/BANCA_DI_CREDITO_COOPERATIVO_DI_MASSAFRA_ICRAITRRUE0.png
62,BANCA_DI_CREDITO_COOPERATIVO_DI_OPPIDO_LUCANO_E_RIPACANDIDA_ICRAITRRJO0,Banca Di Credito Cooperativo Di Oppido Lucano E Ripacandida,ICRAITRRJO0,365,['IT'],https://cdn.nordigen.com/ais/BCC_MUTUO_SOCCORSO_DI_GANGI_ICRAITRRQM0.png
63,BCC_DI_PIANFEI_E_ROCCA_DE_BALDI_ICRAITRRKX0,Banca Di Credito Cooperativo Di Pianfei E Rocca De' Baldi,ICRAITRRKX0,90,['IT'],https://cdn.nordigen.com/ais/CREDITO_COOPERATIVO_CASSA_RURALE_ED_ARTIGIANA_DEL_FRIULI_VENEZIA_GIULIA_CCRTIT2T96A.png
64,BANCA_DI_CREDITO_COOPERATIVO_DI_RECANATI_E_COLMURANO_ICRAITRRL90,Banca Di Credito Cooperativo Di Recanati E Colmurano,ICRAITRRL90,365,['IT'],https://cdn.nordigen.com/ais/BANCA_DI_CREDITO_COOPERATIVO_DI_RECANATI_E_COLMURANO_ICRAITRRL90.png
65,BCC_DI_S_MARCO_DEI_CAVOTI_E_DEL_SANNIO_CALVI_ICRAITRRRP0,Banca Di Credito Cooperativo Di S. Marco Dei Cavoti E Del Sanniocalvi,ICRAITRRRP0,90,['IT'],https://cdn.nordigen.com/ais/CREDITO_COOPERATIVO_CASSA_RURALE_ED_ARTIGIANA_DEL_FRIULI_VENEZIA_GIULIA_CCRTIT2T96A.png
66,BCC_DI_SAN_GIOVANNI_ROTONDO_CCRTIT2TSGR,Banca Di Credito Cooperativo Di San Giovanni Rotondo,CCRTIT2TSGR,90,['IT'],https://cdn.nordigen.com/ais/BCC_DI_SAN_GIOVANNI_ROTONDO_CCRTIT2TSGR.png
67,BCC_DI_SAN_MARZANO_DI_SAN_GIUSEPPE_TARANTO_CCRTIT2TSMZ,Banca Di Credito Cooperativo Di San Marzano Di San Giuseppe,CCRTIT2TSMZ,90,['IT'],https://cdn.nordigen.com/ais/BCC_DI_SAN_MARZANO_DI_SAN_GIUSEPPE_TARANTO_CCRTIT2TSMZ.png
68,BCC_DI_SARSINA_CCRTIT2TSAR,Banca Di Credito Cooperativo Di Sarsina,CCRTIT2TSAR,90,['IT'],https://cdn.nordigen.com/ais/BCC_SANGRO_TAETINA_DI_ATESSA_CASTIGLIONE_GIULIANO_CCRTIT2TTEA.png
69,BANCA_DI_CREDITO_COOPERATIVO_DI_SCAFATI_E_CETARA_ICRAITRRNR0,Banca Di Credito Cooperativo Di Scafati E Cetara,ICRAITRRNR0,365,['IT'],https://cdn.nordigen.com/ais/BCC_MUTUO_SOCCORSO_DI_GANGI_ICRAITRRQM0.png
70,BCC_DI_SPELLO_E_BETTONA_CCRTIT2TSBE,Banca Di Credito Cooperativo Di Spello E Bettona,CCRTIT2TSBE,90,['IT'],https://cdn.nordigen.com/ais/BCC_DI_SPELLO_E_BETTONA_CCRTIT2TSBE.png
71,BANCA_DI_CREDITO_COOPERATIVO_DI_STARANZANO_E_VILLESSE_ICRAITRROD0,Banca Di Credito Cooperativo Di Staranzano E Villesse,ICRAITRROD0,365,['IT'],https://cdn.nordigen.com/ais/BANCA_DI_CREDITO_COOPERATIVO_DI_STARANZANO_E_VILLESSE_ICRAITRROD0.png
72,BCC_LA_RISCOSSA_DI_REGALBUTO_CCRTIT2TO00,Banca Di Credito Cooperativo La Riscossa Di Regalbuto,CCRTIT2TO00,90,['IT'],https://cdn.nordigen.com/ais/BCC_LA_RISCOSSA_DI_REGALBUTO_CCRTIT2TO00.png
73,BCC_LAUDENSE_LODI_MILANO_CCRTIT2TLAU,Banca Di Credito Cooperativo Laudense Lodi,CCRTIT2TLAU,90,['IT'],https://cdn.nordigen.com/ais/BCC_SANGRO_TAETINA_DI_ATESSA_CASTIGLIONE_GIULIANO_CCRTIT2TTEA.png
74,BCC_MONTE_PRUNO_DI_ROSCIGNO_E_DI_LAURINO_CCRTIT2TMPR,Banca Di Credito Cooperativo Monte Pruno Di Roscigno E Di Laurino,CCRTIT2TMPR,90,['IT'],https://cdn.nordigen.com/ais/BCC_MONTE_PRUNO_DI_ROSCIGNO_E_DI_LAURINO_CCRTIT2TMPR.png
75,BCC_SANGRO_TAETINA_DI_ATESSA_CASTIGLIONE_GIULIANO_CCRTIT2TTEA,Banca Di Credito Cooperativo Sangro Taetina Di Atessa Castiglione Giuliano,CCRTIT2TTEA,90,['IT'],https://cdn.nordigen.com/ais/BCC_SANGRO_TAETINA_DI_ATESSA_CASTIGLIONE_GIULIANO_CCRTIT2TTEA.png
76,BCC_VALDOSTANA_CCRTIT2TVAL,Banca Di Credito Cooperativo Valdostana,CCRTIT2TVAL,90,['IT'],https://cdn.nordigen.com/ais/CREDITO_COOPERATIVO_CASSA_RURALE_ED_ARTIGIANA_DEL_FRIULI_VENEZIA_GIULIA_CCRTIT2T96A.png
77,BANCA_DI_CREDITO_COOPERATIVO_VALLE_DEL_TORTO_ICRAITRRGP0,Banca Di Credito Cooperativo Valle Del Torto,ICRAITRRGP0,365,['IT'],https://cdn.nordigen.com/ais/BANCA_DI_CREDITO_COOPERATIVO_VALLE_DEL_TORTO_ICRAITRRGP0.png
78,BANCA_DI_CREDITO_PELORITANO_CEEPIT21,Banca di Credito Peloritano,CEEPIT21,730,['IT'],https://cdn.nordigen.com/ais/BANCA_DI_CREDITO_PELORITANO_CEEPIT21.png
79,BCP_TORRE_DEL_GRECO_BCPTITNN,Banca di Credito Popolare di Torre del Greco,BCPTITNN,730,['IT'],https://cdn.nordigen.com/ais/BCP_TORRE_DEL_GRECO_BCPTITNN.png
80,BANCA_DI_IMOLA_IMCOIT2A,Banca di Imola,IMCOIT2A,730,['IT'],https://cdn.nordigen.com/ais/BANCA_DI_IMOLA_IMCOIT2A.png
81,BANCA_DI_PESARO_ICRAITRRMY0,Banca Di Pesaro,ICRAITRRMY0,365,['IT'],https://cdn.nordigen.com/ais/BANCA_DI_PESARO_ICRAITRRMY0.png
82,BANCA_DI_PESCIA_E_CASCINA_ICRAITRR9Y0,Banca Di Pescia E Cascina,ICRAITRR9Y0,365,['IT'],https://cdn.nordigen.com/ais/BANCA_DI_PESCIA_E_CASCINA_ICRAITRR9Y0.png
83,BANCA_DI_PIACENZA_BCPCIT2P,Banca di Piacenza,BCPCIT2P,730,['IT'],https://cdn.nordigen.com/ais/BANCA_DI_PIACENZA_BCPCIT2P.png
84,BANCA_DI_PISA_E_FORNACETTE_CREDITO_COOPERATIVO_BCCFIT33,Banca Di Pisa E Fornacette Credito Cooperativo,BCCFIT33,365,['IT'],https://cdn.nordigen.com/ais/BANCA_DI_PISA_E_FORNACETTE_CREDITO_COOPERATIVO_BCCFIT33.png
85,BANCA_DI_RIPATRANSONE_E_DEL_FERMANO_ICRAITRRLD0,Banca Di Ripatransone E Del Fermano,ICRAITRRLD0,365,['IT'],https://cdn.nordigen.com/ais/BANCA_DI_RIPATRANSONE_E_DEL_FERMANO_ICRAITRRLD0.png
86,BANCA_DI_TARANTO_BCC_ICRAITRRU70,Banca Di Taranto Bcc,ICRAITRRU70,365,['IT'],https://cdn.nordigen.com/ais/BANCA_DI_TARANTO_BCC_ICRAITRRU70.png
87,BANCA_DI_UDINE_ICRAITRRJV0,Banca Di Udine,ICRAITRRJV0,365,['IT'],https://cdn.nordigen.com/ais/BANCA_DI_UDINE_ICRAITRRJV0.png
88,BANCA_DI_VERONA_E_VICENZA_ICRAITRRBK0,Banca Di Verona E Vicenza,ICRAITRRBK0,365,['IT'],https://cdn.nordigen.com/ais/BCC_MUTUO_SOCCORSO_DI_GANGI_ICRAITRRQM0.png
89,BANCA_DON_RIZZO_CREDITO_COOPERATIVO_DELLA_SICILIA_OCCIDENTALE_ICRAITRRQA0,Banca Don Rizzo - Credito Cooperativo Della Sicilia Occidentale,ICRAITRRQA0,365,['IT'],https://cdn.nordigen.com/ais/BANCA_DON_RIZZO_CREDITO_COOPERATIVO_DELLA_SICILIA_OCCIDENTALE_ICRAITRRQA0.png
90,BANCA_EUROMOBILIARE_EUBAITM1,Banca Euromobiliare,EUBAITM1,90,['IT'],https://cdn.nordigen.com/ais/BANCA_EUROMOBILIARE_EUBAITM1.png
91,BANCA_FIDEURAM_FIBKITMM,Banca Fideuram,FIBKITMM,90,['IT'],https://cdn.nordigen.com/ais/BANCA_FIDEURAM_FIBKITMM.png
92,FINNAT_EURAMERICA_FNATITRR,Banca Finnat Euramerica,FNATITRR,730,['IT'],https://cdn.nordigen.com/ais/FINNAT_EURAMERICA_FNATITRR.png
93,BANCA_GALILEO_GAEOITM1,Banca Galileo,GAEOITM1,90,['IT'],https://cdn.nordigen.com/ais/BANCA_GALILEO_GAEOITM1.png
94,BANCA_GENERALI_BGENIT2T,Banca Generali,BGENIT2T,730,['IT'],https://cdn.nordigen.com/ais/BANCA_GENERALI_BGENIT2T.png
95,BANCA_IFIS_IFISIT2V,Banca Ifis,IFISIT2V,90,['IT'],https://cdn.nordigen.com/ais/BANCA_IFIS_IFISIT2V.png
96,BANCA_INTERMOBILIARE_BIMTITTT,Banca Intermobiliare,BIMTITTT,730,['IT'],https://cdn.nordigen.com/ais/BANCA_INTERMOBILIARE_BIMTITTT.png
97,BANCA_LAZIO_NORD_CREDITO_COOPERATIVO_SOC_COOP_PER_AZIONI_CCRTIT2TVIT,Banca Lazio Nord Credito Cooperativo Soc. Coop. Per Azioni,CCRTIT2TVIT,90,['IT'],https://cdn.nordigen.com/ais/BANCA_LAZIO_NORD_CREDITO_COOPERATIVO_SOC_COOP_PER_AZIONI_CCRTIT2TVIT.png
98,BANCA_LEONARDO_BLEOITM1,Banca Leonardo,BLEOITM1,90,['IT'],https://cdn.nordigen.com/ais/BANCA_LEONARDO_BLEOITM1.png
99,BANCA_MALATESTIANA_CCRTIT2TMAL,Banca Malatestiana,CCRTIT2TMAL,90,['IT'],https://cdn.nordigen.com/ais/BANCA_MALATESTIANA_CCRTIT2TMAL.png
100,BANCA_MEDIOCREDITO_DEL_FRIULI_VENEZIA_GIULIA_MFVGIT21,Banca Mediocredito Del Friuli Venezia Giulia,MFVGIT21,90,['IT'],https://cdn.nordigen.com/ais/BANCA_MEDIOCREDITO_DEL_FRIULI_VENEZIA_GIULIA_MFVGIT21.png
101,BANCA_MONTE_CORPORATE_PASCITMM,Banca Monte dei Paschi di Siena Corporate,PASCITMM,90,['IT'],https://cdn.nordigen.com/ais/BANCA_MONTE_CORPORATE_PASCITMM.png
102,BANCA_MONTE_RETAIL_PASCITMM,Banca Monte dei Paschi di Siena Retail,PASCITMM,90,['IT'],https://cdn.nordigen.com/ais/BANCA_MONTE_CORPORATE_PASCITMM.png
103,BANCA_NAZIONALE_DEL_LAVORO_BNLIITRRXXX,Banca Nazionale del Lavoro,BNLIITRRXXX,90,['IT'],https://cdn.nordigen.com/ais/BNP_PARIBAS_BNPAFRPPXXX.png
104,BANCA_NAZIONALE_DEL_LAVORO_CORPORATE_BNLIITRRXXX,Banca Nazionale del Lavoro Corporate,BNLIITRRXXX,420,['IT'],https://cdn.nordigen.com/ais/BNP_PARIBAS_BNPAFRPPXXX.png
105,BANCA_PASSADORE_PASBITGGXXX,Banca Passadore,PASBITGGXXX,90,['IT'],https://cdn.nordigen.com/ais/BANCA_PASSADORE_PASBITGGXXX.png
106,BANCA_PATAVINA_DI_SANTELENA_E_PIOVE_DI_SACCO_ICRAITRRK80,Banca Patavina Di Sant´elena E Piove Di Sacco,ICRAITRRK80,365,['IT'],https://cdn.nordigen.com/ais/BCC_MUTUO_SOCCORSO_DI_GANGI_ICRAITRRQM0.png
107,BANCA_PATRIMONI_SENVITT1,Banca Patrimoni,SENVITT1,90,['IT'],https://cdn.nordigen.com/ais/BANCA_PATRIMONI_SENVITT1.png
108,BANCA_POPOLARE_DEL_CASSINATE_PER_AZIONI_POCAIT3C,Banca Popolare Del Cassinate Società Cooperativa Per Azioni,POCAIT3C,90,['IT'],https://cdn.nordigen.com/ais/BANCA_POPOLARE_DEL_CASSINATE_PER_AZIONI_POCAIT3C.png
109,BANCA_POPOLARE_FRUSINATE_BPFRIT3F,Banca Popolare del Frusinate,BPFRIT3F,730,['IT'],https://cdn.nordigen.com/ais/BANCA_POPOLARE_FRUSINATE_BPFRIT3F.png
110,BANCA_POPOLARE_DEL_LAZIO_BPLZIT3V,Banca Popolare del Lazio,BPLZIT3V,730,['IT'],https://cdn.nordigen.com/ais/BANCA_POPULARE_DEL_LAZIO_BPLZIT3V.png
111,BANCA_POPOLARE_DELLE_PROVINCIE_MOLISANE_PPMSIT31,Banca Popolare Delle Provincie Molisane,PPMSIT31,90,['IT'],https://cdn.nordigen.com/ais/BANCA_POPOLARE_DELLE_PROVINCIE_MOLISANE_PPMSIT31.png
112,BPDB_BPBAIT3B,Banca Popolare di Bari,BPBAIT3B,90,['IT'],https://cdn.nordigen.com/ais/BPDB_BPBAIT3B.png
113,BANCA_POPOLARE_DI_CORTONA_PER_AZIONI_POCSIT31019,Banca Popolare Di Cortona Soc. Coop. Per Azioni,POCSIT31019,90,['IT'],https://cdn.nordigen.com/ais/BANCA_POPOLARE_DI_CORTONA_PER_AZIONI_POCSIT31019.png
114,BANCA_POPOLARE_DI_FONDI_POFOIT3F,Banca Popolare di Fondi,POFOIT3F,730,['IT'],https://cdn.nordigen.com/ais/BANCA_POPOLARE_DI_FONDI_POFOIT3F.png
115,BANCA_POPOLARE_DI_LAJATICO_BLJAIT3LXXX,Banca Popolare Di Lajatico,BLJAIT3LXXX,90,['IT'],https://cdn.nordigen.com/ais/BANCA_POPOLARE_DI_LAJATICO_BLJAIT3LXXX.png
116,BPDPEB_BPDMIT3B,Banca Popolare di Puglia e Basilicata,BPDMIT3B,90,['IT'],https://cdn.nordigen.com/ais/BPDPEB_BPDMIT3B.png
117,BANCA_POPOLARE_DI_SONDRIO_POSOIT22XXX,Banca Popolare di Sondrio,POSOIT22XXX,90,['IT'],https://cdn.nordigen.com/ais/BANCA_POPOLARE_DI_SONDRIO_POSOIT22XXX.png
118,BANCA_POPOLARE_PUGLIESE_BPPUIT33,Banca Popolare Pugliese,BPPUIT33,730,['IT'],https://cdn.nordigen.com/ais/BANCA_POPOLARE_PUGLIESE_BPPUIT33.png
119,BANCA_POPOLARE_VALCONCA_BPVMIT2R,Banca Popolare Valconca,BPVMIT2R,730,['IT'],https://cdn.nordigen.com/ais/BANCA_POPOLARE_VALCONCA_BPVMIT2R.png
120,BANCA_POPOLARE_VESUVIANA_POVEIT33,Banca Popolare Vesuviana,POVEIT33,90,['IT'],https://cdn.nordigen.com/ais/BANCA_POPOLARE_VESUVIANA_POVEIT33.png
121,BANCA_PRIVATA_LEASING_PRLEIT23,Banca Privata Leasing,PRLEIT23,730,['IT'],https://cdn.nordigen.com/ais/BANCA_PRIVATA_LEASING_PRLEIT23.png
122,BANCA_PROFILO_PROFITMM,Banca Profilo,PROFITMM,730,['IT'],https://cdn.nordigen.com/ais/BANCA_PROFILO_PROFITMM.png
123,BANCA_PROGETTO_BPTTITMM,Banca Progetto,BPTTITMM,90,['IT'],https://cdn.nordigen.com/ais/BANCA_PROGETTO_BPTTITMM.png
124,BANCA_PROMOS_PROSITNN,Banca Promos,PROSITNN,90,['IT'],https://cdn.nordigen.com/ais/BANCA_PROMOS_PROSITNN.png
125,BANCA_SAN_FRANCESCO_ICRAITRRQX0,Banca San Francesco,ICRAITRRQX0,365,['IT'],https://cdn.nordigen.com/ais/BANCA_SAN_FRANCESCO_ICRAITRRQX0.png
126,SANTANGELO_PSANIT3P,Banca Sant'Angelo,PSANIT3P,730,['IT'],https://cdn.nordigen.com/ais/SANTANGELO_PSANIT3P.png
127,BANCA_SELLA_SELBIT2B,Banca Sella,SELBIT2B,90,['IT'],https://cdn.nordigen.com/ais/BANCA_SELLA_SELBIT2B_1.png
128,BANCA_SICANA_DI_SOMMATINO_SERRADIFALCO_E_SAMBUCA_DI_SICILIA_CCRTIT2TNIS,"Banca Sicana Di Sommatino, Serradifalco E Sambuca Di Sicilia",CCRTIT2TNIS,90,['IT'],https://cdn.nordigen.com/ais/BANCA_SICANA_DI_SOMMATINO_SERRADIFALCO_E_SAMBUCA_DI_SICILIA_CCRTIT2TNIS.png
129,SISTEMA_BSISITMM,Banca Sistema,BSISITMM,730,['IT'],https://cdn.nordigen.com/ais/SISTEMA_BSISITMM.png
130,BANCA_STABIESE_STAIIT31,Banca Stabiese,STAIIT31,90,['IT'],https://cdn.nordigen.com/ais/BANCA_STABIESE_STAIIT31.png
131,BANCA_SVILUPPO_SVIUITRR,Banca Sviluppo,SVIUITRR,365,['IT'],https://cdn.nordigen.com/ais/BANCA_SVILUPPO_SVIUITRR.png
132,BANCA_TEMA_ICRAITRRNN0,Banca Tema,ICRAITRRNN0,365,['IT'],https://cdn.nordigen.com/ais/BANCA_TEMA_ICRAITRRNN0.png
133,BANCA_UBAE_UBAIITRR,Banca Ubae,UBAIITRR,90,['IT'],https://cdn.nordigen.com/ais/BANCA_UBAE_UBAIITRR.png
134,BANCA_VALSABBINA_BCVAIT2V,Banca Valsabbina,BCVAIT2V,90,['IT'],https://cdn.nordigen.com/ais/BANCA_VELSABBINA_BCVAIT2V.png
135,BANCA_VERONESE_DI_CONCAMARISE_ICRAITRR8Y0,Banca Veronese Di Concamarise,ICRAITRR8Y0,365,['IT'],https://cdn.nordigen.com/ais/BANCA_VERONESE_DI_CONCAMARISE_ICRAITRR8Y0.png
136,BANCA_VERSILIA_LUNIGIANA_E_GARFAGNANA_BCCVIT3F,Banca Versilia Lunigiana E Garfagnana,BCCVIT3F,365,['IT'],https://cdn.nordigen.com/ais/BANCA_VERSILIA_LUNIGIANA_E_GARFAGNANA_BCCVIT3F.png
137,WIDIBA_WIDIITMM,Banca Widiba,WIDIITMM,90,['IT'],https://cdn.nordigen.com/ais/WIDIBA_WIDIITMM.png
138,BANCATER_CREDITO_COOPERATIVO_FVG_CCRTIT2TTER,Bancater Credito Cooperativo Fvg,CCRTIT2TTER,90,['IT'],https://cdn.nordigen.com/ais/BANCATER_CREDITO_COOPERATIVO_FVG_CCRTIT2TTER.png
139,AZZOAGLIO_AZZBITT3,Banco Azzoaglio,AZZBITT3,730,['IT'],https://cdn.nordigen.com/ais/AZZOAGLIO_AZZBITT3.png
140,BANCO_BPM_CORP_BAPPIT22,Banco BPM Corporate,PASCITMM,90,['IT'],https://cdn.nordigen.com/ais/BANCO_BPM_WEBANK_BAPPIT22.png
141,BANCO_BPM_WEBANK_BAPPIT22,Banco BPM WeBank,PASCITMM,90,['IT'],https://cdn.nordigen.com/ais/BANCO_BPM_WEBANK_BAPPIT22.png
142,BANCO_BPM_WEB_BAPPIT22,Banco BPM YouWeb,PASCITMM,90,['IT'],https://cdn.nordigen.com/ais/BANCO_BPM_WEBANK_BAPPIT22.png
143,BDTV_TRVEIT2P,Banco delle Tre Venezie,TRVEIT2P,90,['IT'],https://cdn.nordigen.com/ais/BDTV_TRVEIT2P.png
144,BDDEDB_BDBDIT22,Banco di Desio e della Brianza,STAIIT31,90,['IT'],https://cdn.nordigen.com/ais/BDDEDB_BDBDIT22.png
145,BANCO_DI_LUCCA_E_DEL_TIRRENO_BLUCIT31,Banco di Lucca e del Tirreno,BLUCIT31,730,['IT'],https://cdn.nordigen.com/ais/BANCO_DI_LUCCA_E_DEL_TIRRENO_BLUCIT31.png
146,SARDEGNA_CORP_SARDIT31,Banco di Sardegna Corporate,SARDIT31,90,['IT'],https://cdn.nordigen.com/ais/SARDEGNA_CORP_SARDIT31.png
147,SARDEGNA_RETAIL_SARDIT31,Banco di Sardegna Smart,SARDIT31,90,['IT'],https://cdn.nordigen.com/ais/SARDEGNA_CORP_SARDIT31.png
148,BANCO_FIORENTINO_MUGELLO_IMPRUNETA_SIGNA_ICRAITRR910,Banco Fiorentino-mugello Impruneta Signa,ICRAITRR910,365,['IT'],https://cdn.nordigen.com/ais/BANCO_FIORENTINO_MUGELLO_IMPRUNETA_SIGNA_ICRAITRR910.png
149,BANCO_MARCHIGIANO_CREDITO_COOPERATIVO_CCRTIT2TCIV,Banco Marchigiano Credito Cooperativo,CCRTIT2TCIV,90,['IT'],https://cdn.nordigen.com/ais/BANCO_MARCHIGIANO_CREDITO_COOPERATIVO_CCRTIT2TCIV.png
150,BCDM_BCDMITM1,Banque Chaabi du Maroc,BCDMITM1,90,['IT'],https://cdn.nordigen.com/ais/BCDM_BCDMITM1.png
151,BBIPSS_BARCIT4G,Barclays Bank Ireland PLC Sede Secondaria,BARCIT4G,90,['IT'],https://cdn.nordigen.com/ais/BARCLAYS_WEALTH_BUKBGB22.png
152,BCC_G_TONIOLO_DI_SAN_CATALDO_ICRAITRRQG0,BCC 'G. Toniolo' Di San Cataldo,ICRAITRRQG0,365,['IT'],https://cdn.nordigen.com/ais/BCC_G_TONIOLO_DI_SAN_CATALDO_ICRAITRRQG0.png
153,BCC_ABRUZZESE_CAPPELLE_SUL_TAVO_ICRAITR1C21,BCC Abruzzese Cappelle Sul Tavo,ICRAITR1C21,365,['IT'],https://cdn.nordigen.com/ais/BCC_ABRUZZESE_CAPPELLE_SUL_TAVO_ICRAITR1C21.png
154,BCC_AGRIGENTINO_ICRAITRRUS0,BCC Agrigentino,ICRAITRRUS0,365,['IT'],https://cdn.nordigen.com/ais/BCC_MUTUO_SOCCORSO_DI_GANGI_ICRAITRRQM0.png
155,BCC_AGROBRESCIANO_ICRAITRRFZ0,BCC Agrobresciano,ICRAITRRFZ0,365,['IT'],https://cdn.nordigen.com/ais/BCC_AGROBRESCIANO_ICRAITRRFZ0.png
156,BCC_BASILICATA_CREDITO_COOPERATIVO_DI_LAURENZANA_E_COMUNI_LUCANI_ICRAITR1GL2,Bcc Basilicata Credito Cooperativo Di Laurenzana E Comuni Lucani,ICRAITR1GL2,90,['IT'],https://cdn.nordigen.com/ais/BCC_BASILICATA_CREDITO_COOPERATIVO_DI_LAURENZANA_E_COMUNI_LUCANI_ICRAITR1GL2.png
157,BCC_BERGAMO_E_VALLI_ICRAITRRO50,BCC Bergamo E Valli,ICRAITRRO50,365,['IT'],https://cdn.nordigen.com/ais/BCC_MUTUO_SOCCORSO_DI_GANGI_ICRAITRRQM0.png
158,BCC_BRIANZA_E_LAGHI_ICRAITRR950,BCC Brianza E Laghi,ICRAITRR950,365,['IT'],https://cdn.nordigen.com/ais/BCC_BRIANZA_E_LAGHI_ICRAITRR950.png
159,BCC_CAMPANIA_CENTRO_CRA_ICRAITRRAI0,BCC Campania Centro CRA,ICRAITRRAI0,365,['IT'],https://cdn.nordigen.com/ais/BCC_CAMPANIA_CENTRO_CRA_ICRAITRRAI0.png
160,BCC_CANOSA_LOCONIA_ICRAITRRGU0,BCC Canosa Loconia,ICRAITRRGU0,365,['IT'],https://cdn.nordigen.com/ais/BCC_CANOSA_LOCONIA_ICRAITRRGU0.png
161,BCC_CRA_DI_PALIANO_ICRAITRRJX0,BCC CRA Di Paliano,ICRAITRRJX0,365,['IT'],https://cdn.nordigen.com/ais/BCC_MUTUO_SOCCORSO_DI_GANGI_ICRAITRRQM0.png
162,BCC_DEGLI_ULIVI_TERRA_DI_BARI_ICRAITRRRG0,BCC Degli Ulivi Terra Di Bari,ICRAITRRRG0,365,['IT'],https://cdn.nordigen.com/ais/BCC_DEGLI_ULIVI_TERRA_DI_BARI_ICRAITRRRG0.png
163,BCC_DEI_COLLI_ALBANI_ICRAITRRQF0,BCC Dei Colli Albani,ICRAITRRQF0,365,['IT'],https://cdn.nordigen.com/ais/BCC_DEI_COLLI_ALBANI_ICRAITRRQF0.png
164,BCC_DEL_BASSO_SEBINO_ICRAITRRC50,BCC Del Basso Sebino,ICRAITRRC50,365,['IT'],https://cdn.nordigen.com/ais/BCC_DEL_BASSO_SEBINO_ICRAITRRC50.png
165,BCC_DEL_GARDA_BCC_COLLI_MORENICI_DEL_GARDA_ICRAITRRIS0,BCC Del Garda - BCC Colli Morenici Del Garda,ICRAITRRIS0,365,['IT'],https://cdn.nordigen.com/ais/BCC_DEL_GARDA_BCC_COLLI_MORENICI_DEL_GARDA_ICRAITRRIS0.png
166,BCC_DEL_METAURO_ICRAITR1JG1,BCC Del Metauro,ICRAITR1JG1,365,['IT'],https://cdn.nordigen.com/ais/BCC_MUTUO_SOCCORSO_DI_GANGI_ICRAITRRQM0.png
167,BCC_DEL_PICENO_ICRAITRRD60,BCC Del Piceno,ICRAITRRD60,365,['IT'],https://cdn.nordigen.com/ais/BCC_DEL_PICENO_ICRAITRRD60.png
168,BCC_DEL_VALDARNO_ICRAITRRMJ0,BCC Del Valdarno,ICRAITRRMJ0,365,['IT'],https://cdn.nordigen.com/ais/BCC_DEL_VALDARNO_ICRAITRRMJ0.png
169,BCC_DELLA_VALLE_DEL_TRIGNO_ICRAITR1592,BCC Della Valle Del Trigno,ICRAITR1592,365,['IT'],https://cdn.nordigen.com/ais/BCC_DELLA_VALLE_DEL_TRIGNO_ICRAITR1592.png
170,BCC_DELLADRIATICO_TERAMANO_ICRAITRRU60,BCC Dell´adriatico Teramano,ICRAITRRU60,365,['IT'],https://cdn.nordigen.com/ais/BCC_DELLADRIATICO_TERAMANO_ICRAITRRU60.png
171,BCC_DELLOGLIO_E_DEL_SERIO_ICRAITRREA0,BCC Dell´oglio E Del Serio,ICRAITRREA0,365,['IT'],https://cdn.nordigen.com/ais/BCC_DELLOGLIO_E_DEL_SERIO_ICRAITRREA0.png
172,BCC_DI_ALTOFONTE_E_CACCAMO_ICRAITRR9H0,BCC Di Altofonte E Caccamo,ICRAITRR9H0,365,['IT'],https://cdn.nordigen.com/ais/BCC_DI_ALTOFONTE_E_CACCAMO_ICRAITRR9H0.png
173,BCC_DI_ARBOREA_ICRAITRRA20,BCC Di Arborea,ICRAITRRA20,365,['IT'],https://cdn.nordigen.com/ais/BCC_DI_ARBOREA_ICRAITRRA20.png
174,BCC_DI_BARI_ICRAITRRS40,BCC Di Bari,ICRAITRRS40,365,['IT'],https://cdn.nordigen.com/ais/BCC_DI_BARI_ICRAITRRS40.png
175,BCC_DI_BASCIANO_ICRAITRR450,BCC Di Basciano,ICRAITRR450,365,['IT'],https://cdn.nordigen.com/ais/BCC_DI_BASCIANO_ICRAITRR450.png
176,BCC_DI_BELLEGRA_ICRAITRRAL0,BCC Di Bellegra,ICRAITRRAL0,365,['IT'],https://cdn.nordigen.com/ais/BCC_DI_BELLEGRA_ICRAITRRAL0.png
177,BCC_DI_BORGHETTO_LODIGIANO_ICRAITRR0U0,BCC Di Borghetto Lodigiano,ICRAITRR0U0,365,['IT'],https://cdn.nordigen.com/ais/BCC_DI_BORGHETTO_LODIGIANO_ICRAITRR0U0.png
178,BCC_DI_BUCCINO_E_DEI_COMUNI_CILENTANI_ICRAITRRTM0,BCC Di Buccino E Dei Comuni Cilentani,ICRAITRRTM0,365,['IT'],https://cdn.nordigen.com/ais/BCC_DI_BUCCINO_E_DEI_COMUNI_CILENTANI_ICRAITRRTM0.png
179,BCC_DI_BUSTO_GAROLFO_E_BUGUGGIATE_ICRAITRRB80,BCC Di Busto Garolfo E Buguggiate,ICRAITRRB80,365,['IT'],https://cdn.nordigen.com/ais/BCC_DI_BUSTO_GAROLFO_E_BUGUGGIATE_ICRAITRRB80.png
180,BCC_DI_CAGLIARI_ICRAITRRUG0,BCC Di Cagliari,ICRAITRRUG0,365,['IT'],https://cdn.nordigen.com/ais/BCC_DI_CAGLIARI_ICRAITRRUG0.png
181,BCC_DI_CAPACCIO_PAESTUM_E_SERINO_ICRAITRRBZ0,BCC Di Capaccio Paestum E Serino,ICRAITRRBZ0,365,['IT'],https://cdn.nordigen.com/ais/BCC_DI_CAPACCIO_PAESTUM_E_SERINO_ICRAITRRBZ0.png
182,BCC_DI_CARATE_BRIANZA_CRCBIT22,BCC Di Carate Brianza,CRCBIT22,365,['IT'],https://cdn.nordigen.com/ais/BCC_DI_CARATE_BRIANZA_CRCBIT22.png
183,BCC_DI_CARAVAGGIO_ADDA_E_CREMASCO_ICRAITRRC90,BCC Di Caravaggio Adda E Cremasco,ICRAITRRC90,365,['IT'],https://cdn.nordigen.com/ais/BCC_DI_CARAVAGGIO_ADDA_E_CREMASCO_ICRAITRRC90.png
184,BCC_DI_CASTIGLIONE_MESSER_RAIMONDO_E_PIANELLA_ICRAITRRD50,BCC Di Castiglione Messer Raimondo E Pianella,ICRAITRRD50,365,['IT'],https://cdn.nordigen.com/ais/BCC_DI_CASTIGLIONE_MESSER_RAIMONDO_E_PIANELLA_ICRAITRRD50.png
185,BCC_DI_CITTANOVA_ICRAITRRDO0,BCC Di Cittanova,ICRAITRRDO0,365,['IT'],https://cdn.nordigen.com/ais/BCC_DI_CITTANOVA_ICRAITRRDO0.png
186,BCC_DI_FANO_ICRAITR1EFD,BCC Di Fano,ICRAITR1EFD,365,['IT'],https://cdn.nordigen.com/ais/BCC_DI_FANO_ICRAITR1EFD.png
187,BCC_DI_GAMBATESA_ICRAITRRFW0,BCC Di Gambatesa,ICRAITRRFW0,365,['IT'],https://cdn.nordigen.com/ais/BCC_DI_GAMBATESA_ICRAITRRFW0.png
188,BCC_DI_GAUDIANO_DI_LAVELLO_ICRAITRRFE0,BCC Di Gaudiano Di Lavello,ICRAITRRFE0,365,['IT'],https://cdn.nordigen.com/ais/BCC_DI_GAUDIANO_DI_LAVELLO_ICRAITRRFE0.png
189,BCC_DI_LEZZENO_ICRAITRRH60,BCC Di Lezzeno,ICRAITRRH60,365,['IT'],https://cdn.nordigen.com/ais/BCC_DI_LEZZENO_ICRAITRRH60.png
190,BCC_DI_MILANO_ICRAITRRCL0,BCC Di Milano,ICRAITRRCL0,365,['IT'],https://cdn.nordigen.com/ais/BCC_DI_MILANO_ICRAITRRCL0.png
191,BCC_DI_MONTEPAONE_ICRAITRR3I0,BCC Di Montepaone,ICRAITRR3I0,365,['IT'],https://cdn.nordigen.com/ais/BCC_DI_MONTEPAONE_ICRAITRR3I0.png
192,BCC_DI_MOZZANICA_ICRAITRRIV0,BCC Di Mozzanica,ICRAITRRIV0,365,['IT'],https://cdn.nordigen.com/ais/BCC_DI_MOZZANICA_ICRAITRRIV0.png
193,BCC_DI_NAPOLI_ICRAITRRUU0,BCC Di Napoli,ICRAITRRUU0,365,['IT'],https://cdn.nordigen.com/ais/BCC_DI_NAPOLI_ICRAITRRUU0.png
194,BCC_DI_NETTUNO_ICRAITRRJ90,BCC Di Nettuno,ICRAITRRJ90,365,['IT'],https://cdn.nordigen.com/ais/BCC_MUTUO_SOCCORSO_DI_GANGI_ICRAITRRQM0.png
195,BCC_DI_OSTRA_E_MORRO_DALBA_ICRAITRRJK0,BCC Di Ostra E Morro D´alba,ICRAITRRJK0,365,['IT'],https://cdn.nordigen.com/ais/BCC_MUTUO_SOCCORSO_DI_GANGI_ICRAITRRQM0.png
196,BCC_DI_OSTRA_VETERE_ICRAITRRJL0,BCC Di Ostra Vetere,ICRAITRRJL0,365,['IT'],https://cdn.nordigen.com/ais/BCC_MUTUO_SOCCORSO_DI_GANGI_ICRAITRRQM0.png
197,BCC_DI_OSTUNI_ICRAITRRJM0,BCC Di Ostuni,ICRAITRRJM0,365,['IT'],https://cdn.nordigen.com/ais/BCC_MUTUO_SOCCORSO_DI_GANGI_ICRAITRRQM0.png
198,BCC_DI_PACHINO_ICRAITRRJT0,BCC Di Pachino,ICRAITRRJT0,365,['IT'],https://cdn.nordigen.com/ais/BCC_MUTUO_SOCCORSO_DI_GANGI_ICRAITRRQM0.png
199,BCC_DI_PERGOLA_E_CORINALDO_ICRAITRRKB0,BCC Di Pergola E Corinaldo,ICRAITRRKB0,365,['IT'],https://cdn.nordigen.com/ais/BCC_DI_PERGOLA_E_CORINALDO_ICRAITRRKB0.png
200,BCC_DI_PONTASSIEVE_ICRAITRRKG0,BCC Di Pontassieve,ICRAITRRKG0,365,['IT'],https://cdn.nordigen.com/ais/BCC_DI_PONTASSIEVE_ICRAITRRKG0.png
201,BCC_DI_PRATOLA_PELIGNA_ICRAITRRKR0,BCC Di Pratola Peligna,ICRAITRRKR0,365,['IT'],https://cdn.nordigen.com/ais/BCC_MUTUO_SOCCORSO_DI_GANGI_ICRAITRRQM0.png
202,BCC_DI_PUTIGNANO_ICRAITRRUX0,BCC Di Putignano,ICRAITRRUX0,365,['IT'],https://cdn.nordigen.com/ais/BCC_DI_PUTIGNANO_ICRAITRRUX0.png
203,BCC_DI_ROMA_ROMAITRR,BCC Di Roma,ROMAITRR,365,['IT'],https://cdn.nordigen.com/ais/BCC_DI_ROMA_ROMAITRR.png
204,BCC_DI_SAN_CALOGERO_E_MAIERATO_BCC_DEL_VIBONESE_ICRAITRRON0,BCC Di San Calogero E Maierato - BCC Del Vibonese,ICRAITRRON0,365,['IT'],https://cdn.nordigen.com/ais/BCC_MUTUO_SOCCORSO_DI_GANGI_ICRAITRRQM0.png
205,BCC_DI_SPINAZZOLA_ICRAITRRO90,BCC Di Spinazzola,ICRAITRRO90,365,['IT'],https://cdn.nordigen.com/ais/BCC_MUTUO_SOCCORSO_DI_GANGI_ICRAITRRQM0.png
206,BCC_DI_TERRA_DOTRANTO_ICRAITRRCD0,BCC Di Terra D´otranto,ICRAITRRCD0,365,['IT'],https://cdn.nordigen.com/ais/BCC_DI_TERRA_DOTRANTO_ICRAITRRCD0.png
207,BCC_DI_TRIUGGIO_E_DELLA_VALLE_DEL_LAMBRO_ICRAITRRP10,BCC Di Triuggio E Della Valle Del Lambro,ICRAITRRP10,365,['IT'],https://cdn.nordigen.com/ais/BCC_MUTUO_SOCCORSO_DI_GANGI_ICRAITRRQM0.png
208,BCC_FELSINEA_CCRTIT2TFEL,Bcc Felsinea BCC Dal 1902,CCRTIT2TFEL,90,['IT'],https://cdn.nordigen.com/ais/BCC_FELSINEA_CCRTIT2TFEL.png
209,BCC_LEVERANO_ICRAITRRGR0,BCC Leverano,ICRAITRRGR0,365,['IT'],https://cdn.nordigen.com/ais/BCC_LEVERANO_ICRAITRRGR0.png
210,BCC_LONGI_VALLE_DEL_FITALIA_RL_ICRAITRRPD0,BCC Longi Valle Del Fitalia R.l.,ICRAITRRPD0,365,['IT'],https://cdn.nordigen.com/ais/BCC_MUTUO_SOCCORSO_DI_GANGI_ICRAITRRQM0.png
211,BCC_MEDIOCRATI_ICRAITRRTI0,BCC Mediocrati,ICRAITRRTI0,365,['IT'],https://cdn.nordigen.com/ais/BCC_MEDIOCRATI_ICRAITRRTI0.png
212,BCC_MUTUO_SOCCORSO_DI_GANGI_ICRAITRRQM0,BCC Mutuo Soccorso Di Gangi,ICRAITRRQM0,365,['IT'],https://cdn.nordigen.com/ais/BCC_MUTUO_SOCCORSO_DI_GANGI_ICRAITRRQM0.png
213,BCC_PORDENONESE_E_MONSILE_ICRAITRR9W0,BCC Pordenonese E Monsile,ICRAITRR9W0,365,['IT'],https://cdn.nordigen.com/ais/BCC_PORDENONESE_E_MONSILE_ICRAITRR9W0.png
214,BCC_PROVINCIA_ROMANA_ICRAITRRLV0,BCC Provincia Romana,ICRAITRRLV0,365,['IT'],https://cdn.nordigen.com/ais/BCC_PROVINCIA_ROMANA_ICRAITRRLV0.png
215,BCC_SGIUSEPPE_MADONIE_ICRAITRRR40,BCC S.giuseppe Madonie,ICRAITRRR40,365,['IT'],https://cdn.nordigen.com/ais/BCC_SGIUSEPPE_MADONIE_ICRAITRRR40.png
216,BCC_SAN_MICHELE_DI_CALTANISSETTA_E_PIETRAPERZIA_ICRAITRRR70,BCC San Michele Di Caltanissetta E Pietraperzia,ICRAITRRR70,365,['IT'],https://cdn.nordigen.com/ais/BCC_SAN_MICHELE_DI_CALTANISSETTA_E_PIETRAPERZIA_ICRAITRRR70.png
217,BCC_TERRA_DI_LAVORO_S_VINCENZO_DE_PAOLI_ICRAITRRRF0,BCC Terra Di Lavoro S. Vincenzo De´ Paoli,ICRAITRRRF0,365,['IT'],https://cdn.nordigen.com/ais/BCC_TERRA_DI_LAVORO_S_VINCENZO_DE_PAOLI_ICRAITRRRF0.png
218,BCC_VALDARNO_FIORENTINO_BANCA_DI_CASCIA_ICRAITRRCP0,BCC Valdarno Fiorentino Banca Di Cascia,ICRAITRRCP0,365,['IT'],https://cdn.nordigen.com/ais/BCC_VALDARNO_FIORENTINO_BANCA_DI_CASCIA_ICRAITRRCP0.png
219,BCC_VALPOLICELLA_BENACO_BANCA_ICRAITRR8R0,BCC Valpolicella Benaco Banca,ICRAITRR8R0,365,['IT'],https://cdn.nordigen.com/ais/BCC_VALPOLICELLA_BENACO_BANCA_ICRAITRR8R0.png
220,BCC_VICENTINO_POJANA_MAGGIORE_ICRAITRRKC0,BCC Vicentino Pojana Maggiore,ICRAITRRKC0,365,['IT'],https://cdn.nordigen.com/ais/BCC_VICENTINO_POJANA_MAGGIORE_ICRAITRRKC0.png
221,BENE_BANCA_CREDITO_COOPERATIVO_DI_BENE_VAGIENNA_CUNEO_CCRTIT2TBEN,Bene Banca Credito Cooperativo Di Bene Vagienna,CCRTIT2TBEN,90,['IT'],https://cdn.nordigen.com/ais/BENE_BANCA_CREDITO_COOPERATIVO_DI_BENE_VAGIENNA_CUNEO_CCRTIT2TBEN.png
222,BFF_FARAITM2,BFF Bank,FARAITM2,730,['IT'],https://cdn.nordigen.com/ais/BFF_FARAITM2.png
223,BLU_BANCA_SVTUIT21,Blu Banca,SVTUIT21,730,['IT'],https://cdn.nordigen.com/ais/BLU_BANCA_SVTUIT21.png
224,BPER_CORP_BPMOIT22,BPER Banca Corporate,BPMOIT22,90,['IT'],https://cdn.nordigen.com/ais/BPER_CORP_BPMOIT22.png
225,BPER_RETAIL_BPMOIT22,BPER Banca Smart,BPMOIT22,90,['IT'],https://cdn.nordigen.com/ais/BPER_CORP_BPMOIT22.png
226,CARTALIS_CIMTITR1,Cartalis,CIMTITR1,90,['IT'],https://cdn.nordigen.com/ais/CARTALIS_CIMTITR1.png
227,CASSA_CENTRALE_BANCA_CCRTIT2T,Cassa Centrale Banca,CCRTIT2T,90,['IT'],https://cdn.nordigen.com/ais/CASSA_CENTRALE_BANCA_CCRTIT2T.png
228,CDRDA_CASRIT22,Cassa di Risparmio di Asti,CASRIT22,90,['IT'],https://cdn.nordigen.com/ais/CDRDA_CASRIT22.png
229,CDRDB_CRBZIT2B,Cassa di Risparmio di Bolzano,CRBZIT2B,90,['IT'],https://cdn.nordigen.com/ais/CDRDB_CRBZIT2B.png
230,CASSA_DI_RISPARMIO_DI_FERMO_CRFEIT3F,Cassa di Risparmio di Fermo,CRFEIT3F,730,['IT'],https://cdn.nordigen.com/ais/CASSA_DI_RISPARMIO_DI_FERMO_CRFEIT3F.png
231,CDRDF_CRIFIT2F,Cassa di Risparmio di Fossano,CRIFIT2F,90,['IT'],https://cdn.nordigen.com/ais/CDRDF_CRIFIT2F.png
232,CDRDO_BPBAITR1,Cassa di risparmio di Orvieto,BPBAITR1,90,['IT'],https://cdn.nordigen.com/ais/CDRDO_BPBAITR1.png
233,CDRDV_CRVOIT3V,Cassa di Risparmio di Volterra,CRVOIT3V,90,['IT'],https://cdn.nordigen.com/ais/CDRDV_CRVOIT3V.png
234,CDSER_CSRFITR1,Cassa di Sovvenzioni e Risparmio,CSRFITR1,90,['IT'],https://cdn.nordigen.com/ais/CDSER_CSRFITR1.png
235,CASSA_LOMBARDA_LOMCITMM,Cassa Lombarda,LOMCITMM,90,['IT'],https://cdn.nordigen.com/ais/CASSA_LOMBARDA_LOMCITMM.png
236,CASSA_PADANA_BCC_CCRTIT2TPAD,Cassa Padana BCC,CCRTIT2TPAD,90,['IT'],https://cdn.nordigen.com/ais/CASSA_PADANA_BCC_CCRTIT2TPAD.png
237,CASSA_RAIFFEISEN_DI_SAN_MARTINO_IN_PASSIRIA_ICRAITRR6A0,Cassa Raiffeisen Di San Martino In Passiria,ICRAITRR6A0,90,['IT'],https://cdn.nordigen.com/ais/CASSA_RAIFFEISEN_DI_SAN_MARTINO_IN_PASSIRIA_ICRAITRR6A0.png
238,CASSA_RURALE_ALTA_VALLAGARINA_DI_BESENELLO_CALLIANO_NOMI_VOLANO_BANCA_DI_CREDITO_COOPERATIVO_CCRTIT2T77A,"Cassa Rurale Alta Vallagarina Di Besenello, Calliano, Nomi, Volano BCC",CCRTIT2T77A,90,['IT'],https://cdn.nordigen.com/ais/CASSA_RURALE_ALTA_VALLAGARINA_DI_BESENELLO_CALLIANO_NOMI_VOLANO_BANCA_DI_CREDITO_COOPERATIVO_CCRTIT2T77A.png
239,CASSA_RURALE_ALTA_VALSUGANA_BCC_CCRTIT2T47A,Cassa Rurale Alta Valsugana BCC,CCRTIT2T47A,90,['IT'],https://cdn.nordigen.com/ais/CASSA_RURALE_ALTA_VALSUGANA_BCC_CCRTIT2T47A.png
240,CASSA_RURALE_ALTO_GARDA_BCC_CCRTIT2T04A,Cassa Rurale Alto Garda BCC,CCRTIT2T04A,90,['IT'],https://cdn.nordigen.com/ais/CASSA_RURALE_ALTO_GARDA_BCC_CCRTIT2T04A.png
241,CR_BCC_DI_TREVIGLIO_ICRAITRRTR0,Cassa Rurale BCC Di Treviglio,ICRAITRRTR0,365,['IT'],https://cdn.nordigen.com/ais/CR_BCC_DI_TREVIGLIO_ICRAITRRTR0.png
242,CASSA_RURALE_DELLA_BASSA_VALSUGANA_BCC_CCRTIT2T27A,Cassa Rurale Della Bassa Valsugana BCC,CCRTIT2T27A,90,['IT'],https://cdn.nordigen.com/ais/CASSA_RURALE_ALTA_VALSUGANA_BCC_CCRTIT2T47A.png
243,CASSA_RURALE_DI_LEDRO_BCC_CCRTIT2T06A,Cassa Rurale Di Ledro BCC,CCRTIT2T06A,90,['IT'],https://cdn.nordigen.com/ais/CASSA_RURALE_DI_LEDRO_BCC_CCRTIT2T06A.png
244,CASSA_RURALE_DI_TRENTO_BCC_CCRTIT2T76A,Cassa Rurale Di Trento BCC,CCRTIT2T76A,90,['IT'],https://cdn.nordigen.com/ais/CR_DI_TRENTO_BCC_CCRTIT2T.png
245,CASSA_RURALE_DOLOMITI_DI_FASSA_PRIMIERO_E_BELLUNO_BCC_CCRTIT2T38A,Cassa Rurale Dolomiti Di Fassa Primiero E Belluno BCC,CCRTIT2T38A,90,['IT'],https://cdn.nordigen.com/ais/CASSA_RURALE_DOLOMITI_DI_FASSA_PRIMIERO_E_BELLUNO_BCC_CCRTIT2T38A.png
246,CASSA_RURALE_ED_ARTIGIANA_DI_BOVES_BCC_ICRAITRRB10,Cassa Rurale Ed Artigiana Di Boves BCC,ICRAITRRB10,90,['IT'],https://cdn.nordigen.com/ais/BCC_SANGRO_TAETINA_DI_ATESSA_CASTIGLIONE_GIULIANO_CCRTIT2TTEA.png
247,CASSA_RURALE_ED_ARTIGIANA_DI_CORTINA_DAMPEZZO_E_DELLE_DOLOMITI_CCRTIT2T95A,Cassa Rurale Ed Artigiana Di Cortina D'ampezzo E Delle Dolomiti,CCRTIT2T95A,90,['IT'],https://cdn.nordigen.com/ais/CASSA_RURALE_ED_ARTIGIANA_DI_CORTINA_DAMPEZZO_E_DELLE_DOLOMITI_CCRTIT2T95A.png
248,CASSA_RURALE_GIUDICARIE_VALSABBIA_PAGANELLA_BCC_CCRTIT2T20A,Cassa Rurale Giudicarie Valsabbia Paganella BCC,CCRTIT2T20A,90,['IT'],https://cdn.nordigen.com/ais/BCC_SANGRO_TAETINA_DI_ATESSA_CASTIGLIONE_GIULIANO_CCRTIT2TTEA.png
249,CASSA_RURALE_NOVELLA_E_ALTA_ANAUNIA_BCC_CCRTIT2T54A,Cassa Rurale Novella E Alta Anaunia BCC,CCRTIT2T54A,90,['IT'],https://cdn.nordigen.com/ais/BCC_SANGRO_TAETINA_DI_ATESSA_CASTIGLIONE_GIULIANO_CCRTIT2TTEA.png
250,CASSA_RURALE_RENON_CCRTIT2TRIT,Cassa Rurale Renon,CCRTIT2TRIT,90,['IT'],https://cdn.nordigen.com/ais/CASSA_RURALE_RENON_CCRTIT2TRIT.png
251,CASSA_RURALE_ROTALIANA_E_GIOVO_BCC_CCRTIT2T37A,Cassa Rurale Rotaliana E Giovo BCC,CCRTIT2T37A,90,['IT'],https://cdn.nordigen.com/ais/CASSA_RURALE_ROTALIANA_E_GIOVO_BCC_CCRTIT2T37A.png
252,CASSA_RURALE_VAL_DI_NON_BCC_CCRTIT2T73A,Cassa Rurale Val Di Non BCC,CCRTIT2T73A,90,['IT'],https://cdn.nordigen.com/ais/CASSA_RURALE_VAL_DI_NON_BCC_CCRTIT2T73A.png
253,CASSA_RURALE_VAL_DI_SOLE_BCC_CCRTIT2T43A,Cassa Rurale Val Di Sole BCC,CCRTIT2T43A,90,['IT'],https://cdn.nordigen.com/ais/BCC_SANGRO_TAETINA_DI_ATESSA_CASTIGLIONE_GIULIANO_CCRTIT2TTEA.png
254,CASSA_RURALE_VALLAGARINA_BCC_CCRTIT2T01A,Cassa Rurale Vallagarina BCC,CCRTIT2T01A,90,['IT'],https://cdn.nordigen.com/ais/CASSA_RURALE_VALLAGARINA_BCC_CCRTIT2T01A.png
255,CENTROMARCA_BANCA_CREDITO_COOPERATIVO_DI_TREVISO_E_VENEZIA_ICRAITRRKT0,Centromarca Banca - Credito Cooperativo Di Treviso E Venezia,ICRAITRRKT0,365,['IT'],https://cdn.nordigen.com/ais/CENTROMARCA_BANCA_CREDITO_COOPERATIVO_DI_TREVISO_E_VENEZIA_ICRAITRRKT0.png
256,CENTROVENETO_BASSANO_BANCA_ICRAITRRGE0,Centroveneto Bassano Banca,ICRAITRRGE0,90,['IT'],https://cdn.nordigen.com/ais/CENTROVENETO_BASSANO_BANCA_ICRAITRRGE0.png
257,CEREABANCA_ICRAITRRDD0,Cereabanca 1897,ICRAITRRDD0,365,['IT'],https://cdn.nordigen.com/ais/CEREABANCA_ICRAITRRDD0.png
258,CHEBANCA_CORP_MICSITM1,Chebanca! Corporate,MICSITM1,90,['IT'],https://cdn.nordigen.com/ais/_CHEBANCA_CORP_MICSITM1.png
259,CHIANTIBANCA_ICRAITRRIP0,Chiantibanca,ICRAITRRIP0,90,['IT'],https://cdn.nordigen.com/ais/CHIANTIBANCA_ICRAITRRIP0.png
260,COMPASS_BANCA_CMPYITM2,Compass Banca,CMPYITM2,730,['IT'],https://cdn.nordigen.com/ais/COMPASS_BANCA_CMPYITM2.png
261,CRA_CASTELLANA_GROTTE_ICRAITRRD10,CRA Castellana Grotte,ICRAITRRD10,365,['IT'],https://cdn.nordigen.com/ais/CRA_CASTELLANA_GROTTE_ICRAITRRD10.png
262,CRA_DELLAGRO_PONTINO_ICRAITRRKI0,CRA Dell´agro Pontino,ICRAITRRKI0,365,['IT'],https://cdn.nordigen.com/ais/CRA_DELLAGRO_PONTINO_ICRAITRRKI0.png
263,CRA_DI_BINASCO_ICRAITRRAQ0,CRA Di Binasco,ICRAITRRAQ0,365,['IT'],https://cdn.nordigen.com/ais/CRA_DI_BINASCO_ICRAITRRAQ0.png
264,CRA_DI_CANTU_BCC_ACARIT22,CRA Di Cantù BCC,ACARIT22,365,['IT'],https://cdn.nordigen.com/ais/CRA_DI_CANTU_BCC_ACARIT22.png
265,CRA_DI_RIVAROLO_MANTOVANO_ICRAITRRLE0,CRA Di Rivarolo Mantovano,ICRAITRRLE0,365,['IT'],https://cdn.nordigen.com/ais/BCC_MUTUO_SOCCORSO_DI_GANGI_ICRAITRRQM0.png
266,CREDEM_CORP_BACRIT22,CREDEM Corporate,BACRIT22,90,['IT'],https://cdn.nordigen.com/ais/CREDEM_CORP_BACRIT22.png
267,CREDEM_RETAIL_BACRIT22,CREDEM Retail,BACRIT22,90,['IT'],https://cdn.nordigen.com/ais/CREDEM_CORP_BACRIT22.png
268,CREDITO_COOPERATIVO_CASSA_RURALE_ED_ARTIGIANA_DEL_FRIULI_VENEZIA_GIULIA_CCRTIT2T96A,Credito Cooperativo Cassa Rurale Ed Artigiana Del Friuli Venezia Giulia,CCRTIT2T96A,90,['IT'],https://cdn.nordigen.com/ais/CREDITO_COOPERATIVO_CASSA_RURALE_ED_ARTIGIANA_DEL_FRIULI_VENEZIA_GIULIA_CCRTIT2T96A.png
269,CREDITO_COOPERATIVO_CASSA_RURALE_ED_ARTIGIANA_DI_ERCHIE_ICRAITRREX0,Credito Cooperativo Cassa Rurale Ed Artigiana Di Erchie,ICRAITRREX0,365,['IT'],https://cdn.nordigen.com/ais/CREDITO_COOPERATIVO_CASSA_RURALE_ED_ARTIGIANA_DI_ERCHIE_ICRAITRREX0.png
270,CREDITO_COOPERATIVO_CENTRO_CALABRIA_CCRTIT2TCA,Credito Cooperativo Centro Calabria,CCRTIT2TCA,90,['IT'],https://cdn.nordigen.com/ais/CREDITO_COOPERATIVO_CENTRO_CALABRIA_CCRTIT2TCA.png
271,CREDITO_COOPERATIVO_FRIULI_ICRAITRRU50,Credito Cooperativo Friuli,ICRAITRRU50,90,['IT'],https://cdn.nordigen.com/ais/CREDITO_COOPERATIVO_FRIULI_ICRAITRRU50.png
272,CREDITO_COOPERATIVO_RAVENNATE_FORLIVESE_E_IMOLESE_ICRAITRRF20,"Credito Cooperativo Ravennate, Forlivese E Imolese",ICRAITRRF20,90,['IT'],https://cdn.nordigen.com/ais/CREDITO_COOPERATIVO_RAVENNATE_FORLIVESE_E_IMOLESE_ICRAITRRF20.png
273,CREDITO_ETNEO_BCC_CCRTIT2TETN,Credito Etneo BCC,CCRTIT2TETN,90,['IT'],https://cdn.nordigen.com/ais/CREDITO_ETNEO_BCC_CCRTIT2TETN.png
274,CREDITO_LOMBARDO_VENETO_CRLVIT21,Credito Lombardo Veneto,CRLVIT21,90,['IT'],https://cdn.nordigen.com/ais/CREDITO_LOMBARDO_VENETO_CRLVIT21.png
275,CREDITO_PADANO_BCC_ICRAITRRCM0,Credito Padano BCC,ICRAITRRCM0,365,['IT'],https://cdn.nordigen.com/ais/CREDITO_PADANO_BCC_ICRAITRRCM0.png
276,VALTELLINESE_BPCVIT2S,Credito Valtellinese,BPCVIT2S,90,['IT'],https://cdn.nordigen.com/ais/VALTELLINESE_BPCVIT2S.png
277,FRIULADRIA_SBW_BPPNIT2P,Crédit Agricole FriulAdria Internet Banking PMI SBW,BPPNIT2P,90,['IT'],https://cdn.nordigen.com/ais/_FRIULADRIA_CBWNET_BPPNIT2P.png
278,FRIULADRIA_HBW_BPPNIT2P,Crédit Agricole FriulAdria Internet Banking Private HBW,BPPNIT2P,90,['IT'],https://cdn.nordigen.com/ais/_FRIULADRIA_CBWNET_BPPNIT2P.png
279,AGRICOLE_SBW_CRPPIT2P,Crédit Agricole Internet Banking PMI SBW,CRPPIT2P,90,['IT'],https://cdn.nordigen.com/ais/AGRICOLE_SBW_CRPPIT2P.png
280,AGRICOLE_HBW_CRPPIT2P,Crédit Agricole Internet Banking Private HBW,CRPPIT2P,90,['IT'],https://cdn.nordigen.com/ais/AGRICOLE_SBW_CRPPIT2P.png
281,EBURY_EBURITM1XXX,Ebury,EBURITM1XXX,180,['IT'],https://cdn.nordigen.com/ais/EBURY_EBPBBEB1XXX.png
282,EFG_EFGBITM1,EFG Bank Luxembourg,EFGBITM1,730,['IT'],https://cdn.nordigen.com/ais/EFG_EFGBLULX.png
283,EMIL_BANCA_ICRAITRRTS0,Emil Banca,ICRAITRRTS0,365,['IT'],https://cdn.nordigen.com/ais/EMIL_BANCA_ICRAITRRTS0.png
284,ERSEL_ERSEITT1,Ersel,ERSEITT1,730,['IT'],https://cdn.nordigen.com/ais/ERSEL_ERSEITT1.png
285,EXTRABANCA_EXRRITM2,Extrabanca,EXRRITM2,730,['IT'],https://cdn.nordigen.com/ais/EXTRABANCA_EXRRITM2.png
286,FINDOMESTIC_FIDMIT31,Findomestic Banca,FIDMIT31,90,['IT'],https://cdn.nordigen.com/ais/FINDOMESTIC_FIDMIT31.png
287,FINECO_FEBIITM2XXX,Fineco,FEBIITM2XXX,730,['IT'],https://cdn.nordigen.com/ais/FINECO_FEBIITM2XXX.png
288,FRIULOVEST_BANCA_CCRTIT2TFOB,Friulovest Banca,CCRTIT2TFOB,90,['IT'],https://cdn.nordigen.com/ais/FRIULOVEST_BANCA_CCRTIT2TFOB.png
289,GUBER_BANCA_GUBEIT21,Guber Banca,GUBEIT21,90,['IT'],https://cdn.nordigen.com/ais/GUBER_BANCA_GUBEIT21.png
290,HELLO_BANK_BNLIITRRXXX,Hello Bank!,BNLIITRRXXX,420,['IT'],https://cdn.nordigen.com/ais/HELLO_BANK_BNPAFRPPXXX.png
291,HSBC_NET_HBUKGB4B,HSBCnet,HBUKGB4B,730,"['GB', 'FR', 'MT', 'GR', 'DE', 'IT', 'ES', 'PL', 'IE', 'BE', 'NL', 'LU', 'CZ', 'GB']",https://cdn.nordigen.com/ais/HSBC_HBUKGB4B.png
292,HYPE_HYEEIT22,Hype,HYEEIT22,90,['IT'],https://cdn.nordigen.com/ais/HYPE_HYEEIT22.png
293,HYPO_TIROL_BANK_HYPTIT2B,Hypo Tirol Bank,HYPTIT2B,90,['IT'],https://cdn.nordigen.com/ais/HYPO_TIROL_BANK_HYPTIT2B.png
294,IBL_BANCA_IBLBITRR,IBL Banca,IBLBITRR,90,['IT'],https://cdn.nordigen.com/ais/IBL_BANCA_IBLBITRR.png
295,IGEA_DIGITAL_BANK_PDSCIT31XXX,IGEA Digital Bank,PDSCIT31XXX,90,['IT'],https://cdn.nordigen.com/ais/IGEA_DIGITAL_BANK_PDSCIT31XXX.png
296,ILLIMITY_ITTPIT2M,Illimity,ITTPIT2M,90,['IT'],https://cdn.nordigen.com/ais/ILLIMITY_ITTPIT2M.png
297,IMPREBANCA_IMPAITRR,Imprebanca,IMPAITRR,730,['IT'],https://cdn.nordigen.com/ais/IMPREBANCA_IMPAITRR.png
298,INTESA_SANPAOLO_BCITITMMXXX,Intesa Sanpaolo,BCITITMMXXX,90,['IT'],https://cdn.nordigen.com/ais/INTESA_SANPAOLO_BCITITMMXXX.png
299,IPICS_ISCSITRR,Istituto per il Credito Sportivo,ISCSITRR,90,['IT'],https://cdn.nordigen.com/ais/IPICS_ISCSITRR.png
300,LA_BANCA_DEL_CROTONESE_ICRAITRRGJ0,La Banca Del Crotonese,ICRAITRRGJ0,365,['IT'],https://cdn.nordigen.com/ais/LA_BANCA_DEL_CROTONESE_ICRAITRRGJ0.png
301,CASSA_DI_RAVENNA_CRRAIT2R,La Cassa di Ravenna,CRRAIT2R,730,['IT'],https://cdn.nordigen.com/ais/CASSA_DI_RAVENNA_CRRAIT2R.png
302,LIS_PAY_CIMTITR1,LIS Pay,CIMTITR1,730,['IT'],https://cdn.nordigen.com/ais/LIS_PAY_CIMTITR1.png
303,MBDCF_BAMEITMM,Mediobanca Banca di Credito Finanziario,BAMEITMM,90,['IT'],https://cdn.nordigen.com/ais/MBDCF_BAMEITMM.png
304,N26_NTSBDEB1,N26 Bank,NTSBDEB1,730,"['NO', 'SE', 'FI', 'DK', 'EE', 'LV', 'LT', 'GB', 'NL', 'CZ', 'ES', 'PL', 'BE', 'DE', 'AT', 'BG', 'HR', 'CY', 'FR', 'GR', 'HU', 'IS', 'IE', 'IT', 'LI', 'LU', 'MT', 'PT', 'RO', 'SK', 'SI']",https://cdn.nordigen.com/ais/N26_NTSBDEB1.png
305,OPYN_BITAITRRB2B,Opyn,BITAITRRB2B,90,['IT'],https://cdn.nordigen.com/ais/OPYN_BITAITRRB2B.png
306,PAYPAL_PPLXLULL,PayPal,PPLXLULL,90,"['NO', 'SE', 'FI', 'DK', 'EE', 'LV', 'LT', 'GB', 'NL', 'CZ', 'ES', 'PL', 'BE', 'DE', 'AT', 'BG', 'HR', 'CY', 'FR', 'GR', 'HU', 'IS', 'IE', 'IT', 'LI', 'LU', 'MT', 'PT', 'RO', 'SK', 'SI']",https://cdn.nordigen.com/ais/PAYPAL_PPLXLULL.png
307,PAYTIPPER_PAYTITM1,Paytipper,PAYTITM1,90,['IT'],https://cdn.nordigen.com/ais/PAYTIPPER_PAYTITM1.png
308,POSTE_ITALIANE_BANCO_POSTA_BPPIITRRXXX,Poste Italiane - Banco Posta,BPPIITRRXXX,365,['IT'],https://cdn.nordigen.com/ais/POSTE_ITALIANE_BANCO_POSTA_BPPIITRRXXX.png
309,RAIFFEISEN_SUDTIROL_RZSBIT21,Raiffeisen Landesbank Sudtirol AG,RZSBIT21,730,['IT'],https://cdn.nordigen.com/ais/RAIFFEISENKASSE_VAL_BADIA_RZSBIT21.png
310,RAIFFEISENKASSE_ALGUND_RZSBIT21,Raiffeisenkasse Algund,RZSBIT21,730,['IT'],https://cdn.nordigen.com/ais/RAIFFEISENKASSE_VAL_BADIA_RZSBIT21.png
311,RAIFFEISENKASSE_BRUNECK_RZSBIT21,Raiffeisenkasse Bruneck,RZSBIT21,730,['IT'],https://cdn.nordigen.com/ais/RAIFFEISENKASSE_VAL_BADIA_RZSBIT21.png
312,RAIFFEISENKASSE_DEUTSCHNOFEN_ALDEIN_RZSBIT21,Raiffeisenkasse Deutschnofen-Aldein,RZSBIT21,730,['IT'],https://cdn.nordigen.com/ais/RAIFFEISENKASSE_VAL_BADIA_RZSBIT21.png
313,RAIFFEISENKASSE_EISACKTAL_RZSBIT21,Raiffeisenkasse Eisacktal,RZSBIT21,730,['IT'],https://cdn.nordigen.com/ais/RAIFFEISENKASSE_VAL_BADIA_RZSBIT21.png
314,RAIFFEISENKASSE_ETSCHTAL_RZSBIT21,Raiffeisenkasse Etschtal,RZSBIT21,730,['IT'],https://cdn.nordigen.com/ais/RAIFFEISENKASSE_VAL_BADIA_RZSBIT21.png
315,RAIFFEISENKASSE_FREIENFELD_RZSBIT21,Raiffeisenkasse Freienfeld,RZSBIT21,730,['IT'],https://cdn.nordigen.com/ais/RAIFFEISENKASSE_VAL_BADIA_RZSBIT21.png
316,RAIFFEISENKASSE_GRODEN_RZSBIT21,Raiffeisenkasse Groden,RZSBIT21,730,['IT'],https://cdn.nordigen.com/ais/RAIFFEISENKASSE_VAL_BADIA_RZSBIT21.png
317,RAIFFEISENKASSE_HOCHPUSTERTAL_RZSBIT21,Raiffeisenkasse Hochpustertal,RZSBIT21,730,['IT'],https://cdn.nordigen.com/ais/RAIFFEISENKASSE_VAL_BADIA_RZSBIT21.png
318,RAIFFEISENKASSE_KASTELRUTH_RZSBIT21,Raiffeisenkasse Kastelruth - St. Ulrich,RZSBIT21,730,['IT'],https://cdn.nordigen.com/ais/RAIFFEISENKASSE_VAL_BADIA_RZSBIT21.png
319,RAIFFEISENKASSE_LAAS_RZSBIT21,Raiffeisenkasse Laas,RZSBIT21,730,['IT'],https://cdn.nordigen.com/ais/RAIFFEISENKASSE_VAL_BADIA_RZSBIT21.png
320,RAIFFEISENKASSE_LANA_RZSBIT21,Raiffeisenkasse Lana,RZSBIT21,730,['IT'],https://cdn.nordigen.com/ais/RAIFFEISENKASSE_VAL_BADIA_RZSBIT21.png
321,RAIFFEISENKASSE_LATSCH_RZSBIT21,Raiffeisenkasse Latsch,RZSBIT21,730,['IT'],https://cdn.nordigen.com/ais/RAIFFEISENKASSE_VAL_BADIA_RZSBIT21.png
322,RAIFFEISENKASSE_MARLING_RZSBIT21,Raiffeisenkasse Marling,RZSBIT21,730,['IT'],https://cdn.nordigen.com/ais/RAIFFEISENKASSE_VAL_BADIA_RZSBIT21.png
323,RAIFFEISENKASSE_MERAN_RZSBIT21,Raiffeisenkasse Meran,RZSBIT21,730,['IT'],https://cdn.nordigen.com/ais/RAIFFEISENKASSE_VAL_BADIA_RZSBIT21.png
324,RAIFFEISENKASSE_NIEDERDORF_RZSBIT21,Raiffeisenkasse Niederdorf,RZSBIT21,730,['IT'],https://cdn.nordigen.com/ais/RAIFFEISENKASSE_VAL_BADIA_RZSBIT21.png
325,RAIFFEISENKASSE_OBERVINSCHGAU_RZSBIT21,Raiffeisenkasse Obervinschgau,RZSBIT21,730,['IT'],https://cdn.nordigen.com/ais/RAIFFEISENKASSE_VAL_BADIA_RZSBIT21.png
326,RAIFFEISENKASSE_PARTSCHINS_RZSBIT21,Raiffeisenkasse Partschins,RZSBIT21,730,['IT'],https://cdn.nordigen.com/ais/RAIFFEISENKASSE_VAL_BADIA_RZSBIT21.png
327,RAIFFEISENKASSE_PASSEIER_RZSBIT21,Raiffeisenkasse Passeier,RZSBIT21,730,['IT'],https://cdn.nordigen.com/ais/RAIFFEISENKASSE_VAL_BADIA_RZSBIT21.png
328,RAIFFEISENKASSE_PRAD_TAUFERS_RZSBIT21,Raiffeisenkasse Prad Taufers,RZSBIT21,730,['IT'],https://cdn.nordigen.com/ais/RAIFFEISENKASSE_VAL_BADIA_RZSBIT21.png
329,RAIFFEISENKASSE_SALURN_RZSBIT21,Raiffeisenkasse Salurn,RZSBIT21,730,['IT'],https://cdn.nordigen.com/ais/RAIFFEISENKASSE_VAL_BADIA_RZSBIT21.png
330,RAIFFEISENKASSE_SARNTAL_RZSBIT21,Raiffeisenkasse Sarntal,RZSBIT21,730,['IT'],https://cdn.nordigen.com/ais/RAIFFEISENKASSE_VAL_BADIA_RZSBIT21.png
331,RAIFFEISENKASSE_SCHENNA_RZSBIT21,Raiffeisenkasse Schenna,RZSBIT21,730,['IT'],https://cdn.nordigen.com/ais/RAIFFEISENKASSE_VAL_BADIA_RZSBIT21.png
332,RAIFFEISENKASSE_SCHLANDERS_RZSBIT21,Raiffeisenkasse Schlanders,RZSBIT21,730,['IT'],https://cdn.nordigen.com/ais/RAIFFEISENKASSE_VAL_BADIA_RZSBIT21.png
333,RAIFFEISENKASSE_SCHLERN_ROSENGARTEN_RZSBIT21,Raiffeisenkasse Schlern-Rosengarten,RZSBIT21,730,['IT'],https://cdn.nordigen.com/ais/RAIFFEISENKASSE_VAL_BADIA_RZSBIT21.png
334,RAIFFEISENKASSE_TAUFERER_ARNTHAL_RZSBIT21,Raiffeisenkasse Tauferer Arnthal,RZSBIT21,730,['IT'],https://cdn.nordigen.com/ais/RAIFFEISENKASSE_VAL_BADIA_RZSBIT21.png
335,RAIFFEISENKASSE_TIROL_RZSBIT21,Raiffeisenkasse Tirol,RZSBIT21,730,['IT'],https://cdn.nordigen.com/ais/RAIFFEISENKASSE_VAL_BADIA_RZSBIT21.png
336,RAIFFEISENKASSE_TISENS_RZSBIT21,Raiffeisenkasse Tisens,RZSBIT21,730,['IT'],https://cdn.nordigen.com/ais/RAIFFEISENKASSE_VAL_BADIA_RZSBIT21.png
337,RAIFFEISENKASSE_TOBLACH_RZSBIT21,Raiffeisenkasse Toblach,RZSBIT21,730,['IT'],https://cdn.nordigen.com/ais/RAIFFEISENKASSE_VAL_BADIA_RZSBIT21.png
338,RAIFFEISENKASSE_UBERETSCH_RZSBIT21,Raiffeisenkasse Uberetsch,RZSBIT21,730,['IT'],https://cdn.nordigen.com/ais/RAIFFEISENKASSE_VAL_BADIA_RZSBIT21.png
339,RAIFFEISENKASSE_ULTEN_RZSBIT21,Raiffeisenkasse Ulten-St.Pankraz- Laurein,RZSBIT21,730,['IT'],https://cdn.nordigen.com/ais/RAIFFEISENKASSE_VAL_BADIA_RZSBIT21.png
340,RAIFFEISENKASSE_UNTEREISACKTAL_RZSBIT21,Raiffeisenkasse Untereisacktal,RZSBIT21,730,['IT'],https://cdn.nordigen.com/ais/RAIFFEISENKASSE_VAL_BADIA_RZSBIT21.png
341,RAIFFEISENKASSE_UNTERLAND_RZSBIT21,Raiffeisenkasse Unterland,RZSBIT21,730,['IT'],https://cdn.nordigen.com/ais/RAIFFEISENKASSE_VAL_BADIA_RZSBIT21.png
342,RAIFFEISENKASSE_UNTERVINSCHGAU_RZSBIT21,Raiffeisenkasse Untervinschgau,RZSBIT21,730,['IT'],https://cdn.nordigen.com/ais/RAIFFEISENKASSE_VAL_BADIA_RZSBIT21.png
343,RAIFFEISENKASSE_VAL_BADIA_RZSBIT21,Raiffeisenkasse Val Badia,RZSBIT21,730,['IT'],https://cdn.nordigen.com/ais/RAIFFEISENKASSE_VAL_BADIA_RZSBIT21.png
344,RAIFFEISENKASSE_VILLNOSS_RZSBIT21,Raiffeisenkasse Villnoss,RZSBIT21,730,['IT'],https://cdn.nordigen.com/ais/RAIFFEISENKASSE_VAL_BADIA_RZSBIT21.png
345,RAIFFEISENKASSE_VINTL_RZSBIT21,Raiffeisenkasse Vintl,RZSBIT21,730,['IT'],https://cdn.nordigen.com/ais/RAIFFEISENKASSE_VAL_BADIA_RZSBIT21.png
346,RAIFFEISENKASSE_WELSBERG_GSIES_TAISTEN_RZSBIT21,Raiffeisenkasse Welsberg-Gsies-Taisten,RZSBIT21,730,['IT'],https://cdn.nordigen.com/ais/RAIFFEISENKASSE_VAL_BADIA_RZSBIT21.png
347,RAIFFEISENKASSE_WIPPTAL_RZSBIT21,Raiffeisenkasse Wipptal,RZSBIT21,730,['IT'],https://cdn.nordigen.com/ais/RAIFFEISENKASSE_VAL_BADIA_RZSBIT21.png
348,RBC_BILLITMM,RBC Investor Service Bank,BILLITMM,90,['IT'],https://cdn.nordigen.com/ais/RBC_BILLITMM.png
349,REVOLUT_REVOGB21,Revolut,REVOGB21,730,"['NO', 'SE', 'FI', 'DK', 'EE', 'LV', 'LT', 'GB', 'NL', 'CZ', 'ES', 'PL', 'BE', 'DE', 'AT', 'BG', 'HR', 'CY', 'FR', 'GR', 'HU', 'IS', 'IE', 'IT', 'LI', 'LU', 'MT', 'PT', 'RO', 'SK', 'SI']",https://cdn.nordigen.com/ais/REVOLUT_REVOGB21.png
350,RIMINIBANCA_CREDITO_COOPERATIVO_DI_RIMINI_E_VALMARECCHIA_ICRAITRRRN0,Riminibanca Credito Cooperativo Di Rimini E Valmarecchia,ICRAITRRRN0,365,['IT'],https://cdn.nordigen.com/ais/CREDITO_COOPERATIVO_CASSA_RURALE_ED_ARTIGIANA_DEL_FRIULI_VENEZIA_GIULIA_CCRTIT2T96A.png
351,ROMAGNABANCA_CCRTIT2TRMB,Romagnabanca,CCRTIT2TRMB,90,['IT'],https://cdn.nordigen.com/ais/ROMAGNABANCA_CCRTIT2TRMB.png
352,ROVIGO_BANCA_ICRAITRRCK0,Rovigo Banca,ICRAITRRCK0,90,['IT'],https://cdn.nordigen.com/ais/ROVIGO_BANCA_ICRAITRRCK0.png
353,SANFELICE_1893_SFSPIT22,SANFELICE 1893 Banca Popolare,SFSPIT22,730,['IT'],https://cdn.nordigen.com/ais/SANFELICE_1893_SFSPIT22.png
354,SELLA_PERSONAL_CREDIT_SELBIT22,Sella Personal Credit,SELBIT22,90,['IT'],https://cdn.nordigen.com/ais/SELLA_PERSONAL_CREDIT_SELBIT22.png
355,SMARTIKA_SELBIT22,Smartika,SELBIT22,90,['IT'],https://cdn.nordigen.com/ais/SMARTIKA_SELBIT22.png
356,STRIPE_STPUIE21,Stripe,STPUIE21,730,"['NO', 'SE', 'FI', 'DK', 'EE', 'LV', 'LT', 'GB', 'NL', 'CZ', 'ES', 'PL', 'BE', 'DE', 'AT', 'BG', 'HR', 'CY', 'FR', 'GR', 'HU', 'IS', 'IE', 'IT', 'LI', 'LU', 'MT', 'PT', 'RO', 'SK', 'SI']",https://cdn.nordigen.com/ais/STRIPE_STPUIE21.png
357,TIM_HYEEIT22,TIM,HYEEIT22,90,['IT'],https://cdn.nordigen.com/ais/TIM_HYEEIT22.png
358,UNICREDIT_UNCRITMM,Unicredit,UNCRITMM,730,['IT'],https://cdn.nordigen.com/ais/UNICREDIT_UNCRITMM.png
359,VIVAL_BANCA_ICRAITRR030,Vival Banca,ICRAITRR030,365,['IT'],https://cdn.nordigen.com/ais/VIVAL_BANCA_ICRAITRR030.png
360,VOLKSWAGEN_BANK_VOWAITMM,Volkswagen Bank,VOWAITMM,90,['IT'],https://cdn.nordigen.com/ais/VOLKSWAGEN_BANK_VOWAITMM.png
361,WISE_TRWIGB22,Wise,TRWIGB22,730,"['NO', 'SE', 'FI', 'DK', 'EE', 'LV', 'LT', 'GB', 'NL', 'CZ', 'ES', 'PL', 'BE', 'DE', 'AT', 'BG', 'HR', 'CY', 'FR', 'GR', 'HU', 'IS', 'IE', 'IT', 'LI', 'LU', 'MT', 'PT', 'RO', 'SK', 'SI']",https://cdn.nordigen.com/ais/WISE_TRWIGB22.png
362,ZADRUZNA_KRASKA_BANKA_TRST_GORICA_ZADRUGA_CCRTIT2TV00,Zadruzna Kraska Banka Trst Gorica Zadruga,CCRTIT2TV00,90,['IT'],https://cdn.nordigen.com/ais/ZADRUZNA_KRASKA_BANKA_TRST_GORICA_ZADRUGA_CCRTIT2TV00.png
